time_ms,ax_g,ay_g,az_g,gx_dps,gy_dps,gz_dps,accel_mag,gyro_mag,label
1013571,0.1279,-0.9710,0.3003,7.10,-2.17,-4.04,1.0244,8.45,0
1013581,0.1247,-0.9674,0.3010,6.66,-0.95,-4.26,1.0208,7.96,0
1013591,0.1187,-0.9702,0.3011,8.16,-0.04,-4.11,1.0227,9.14,0
1013601,0.1206,-0.9679,0.3045,9.42,0.19,-3.51,1.0218,10.06,0
1013611,0.1218,-0.9700,0.3037,9.69,0.20,-3.09,1.0237,10.17,0
1013621,0.1240,-0.9595,0.3012,11.64,-0.60,-3.30,1.0133,12.11,0
1013631,0.1241,-0.9607,0.3057,9.71,-0.82,-3.57,1.0158,10.38,0
1013641,0.1226,-0.9609,0.3070,8.11,-0.32,-3.75,1.0162,8.94,0
1013651,0.1213,-0.9534,0.3068,7.74,0.44,-3.98,1.0089,8.72,0
1013661,0.1212,-0.9466,0.3130,7.40,0.67,-4.21,1.0043,8.54,0
1013671,0.1331,-0.9415,0.3212,7.05,0.71,-4.01,1.0037,8.14,0
1013681,0.1316,-0.9446,0.3203,4.10,1.22,-3.37,1.0060,5.45,0
1013691,0.1305,-0.9523,0.3178,1.74,1.10,-2.63,1.0123,3.34,0
1013701,0.1214,-0.9654,0.3111,1.45,0.82,-1.99,1.0216,2.59,0
1013711,0.1167,-0.9614,0.3043,3.28,0.54,-1.96,1.0151,3.86,0
1013721,0.1223,-0.9643,0.3077,4.18,-0.06,-2.69,1.0195,4.97,0
1013731,0.1278,-0.9515,0.3125,6.74,-0.73,-3.21,1.0096,7.50,0
1013741,0.1284,-0.9548,0.3156,4.38,-0.24,-3.48,1.0137,5.60,0
1013751,0.1243,-0.9517,0.3142,2.05,-0.04,-3.11,1.0099,3.72,0
1013761,0.1179,-0.9582,0.3114,1.07,0.73,-2.50,1.0144,2.82,0
1013771,0.1254,-0.9565,0.3132,4.14,2.08,-1.09,1.0143,4.76,0
1013781,0.1251,-0.9603,0.3146,4.74,2.03,-1.40,1.0182,5.35,1
1013791,0.1346,-0.9581,0.3213,5.39,2.12,-1.93,1.0195,6.11,1
1013801,0.1430,-0.9546,0.3206,5.74,1.91,-2.70,1.0171,6.62,1
1013811,0.1374,-0.9540,0.3240,2.97,1.52,-3.07,1.0168,4.53,1
1013821,0.1286,-0.9527,0.3179,1.12,0.74,-3.42,1.0126,3.68,1
1013831,0.1284,-0.9580,0.3181,0.59,0.18,-3.57,1.0176,3.62,1
1013841,0.1318,-0.9646,0.3217,0.43,0.04,-3.02,1.0253,3.05,1
1013851,0.1394,-0.9644,0.3276,1.21,0.23,-1.14,1.0281,1.67,1
1013861,0.1410,-0.9599,0.3321,-0.10,0.61,1.46,1.0254,1.59,1
1013871,0.1331,-0.9687,0.3288,-1.63,1.02,3.01,1.0316,3.57,1
1013881,0.1257,-0.9640,0.3218,-0.74,1.48,3.45,1.0240,3.82,1
1013891,0.1184,-0.9680,0.3170,0.53,2.25,2.58,1.0254,3.46,1
1013901,0.1329,-0.9666,0.3203,3.68,2.44,1.50,1.0269,4.67,1
1013911,0.1315,-0.9580,0.3215,4.67,2.30,-0.03,1.0190,5.21,1
1013921,0.1312,-0.9543,0.3195,3.56,2.25,-2.00,1.0149,4.66,1
1013931,0.1275,-0.9491,0.3208,2.83,2.10,-3.68,1.0100,5.09,1
1013941,0.1300,-0.9508,0.3247,2.52,2.18,-4.17,1.0131,5.34,1
1013951,0.1288,-0.9482,0.3133,2.21,2.47,-3.61,1.0069,4.90,1
1013961,0.1290,-0.9414,0.3136,2.68,2.82,-2.63,1.0006,4.69,1
1013971,0.1260,-0.9401,0.3162,1.15,2.67,-2.68,0.9999,3.95,1
1013981,0.1261,-0.9399,0.3189,1.07,2.33,-2.44,1.0005,3.54,1
1013991,0.1262,-0.9458,0.3171,2.55,2.32,-2.09,1.0055,4.03,1
1014001,0.1252,-0.9393,0.3105,5.49,1.78,-2.13,0.9972,6.15,1
1014011,0.1293,-0.9444,0.3125,5.08,0.15,-3.13,1.0031,5.97,1
1014021,0.1360,-0.9527,0.3200,5.50,-0.75,-4.23,1.0141,6.97,1
1014031,0.1401,-0.9527,0.3222,7.05,-0.95,-4.57,1.0154,8.46,1
1014041,0.1423,-0.9459,0.3286,7.54,-1.58,-5.15,1.0114,9.27,1
1014051,0.1478,-0.9482,0.3322,6.31,-2.56,-6.13,1.0155,9.16,1
1014061,0.1611,-0.9727,0.3326,5.15,-3.25,-5.92,1.0406,8.49,1
1014071,0.1603,-0.9795,0.3378,9.31,-3.12,-3.24,1.0484,10.34,1
1014081,0.1542,-0.9893,0.3254,11.12,-2.63,-0.73,1.0528,11.45,1
1014091,0.1496,-0.9874,0.3325,16.10,-2.07,0.43,1.0525,16.24,1
1014101,0.1345,-0.9629,0.3349,21.03,-1.80,0.32,1.0283,21.11,1
1014111,0.1354,-0.9703,0.3377,16.75,-1.61,-1.58,1.0363,16.90,1
1014121,0.1043,-0.9349,0.3468,14.07,-1.93,-2.83,1.0026,14.48,1
1014131,-0.0343,-0.9403,0.3018,-2.50,2.36,-8.45,0.9882,9.13,1
1014141,0.1890,-0.9807,0.3574,0.48,6.61,-9.86,1.0607,11.88,1
1014151,0.1327,-0.9419,0.3636,11.66,6.16,-5.44,1.0183,14.26,1
1014161,0.1444,-0.9666,0.3512,0.69,4.15,-6.66,1.0386,7.88,1
1014171,0.1587,-0.9766,0.3129,4.87,3.34,-6.48,1.0377,8.77,1
1014181,0.1629,-0.9536,0.3334,15.66,3.45,-5.32,1.0233,16.90,1
1014191,0.1590,-0.9261,0.3575,18.06,2.91,-5.24,1.0053,19.03,1
1014201,0.1593,-0.9392,0.3640,13.13,2.21,-6.21,1.0198,14.69,1
1014211,0.1473,-0.9288,0.3607,10.96,2.14,-7.39,1.0072,13.38,1
1014221,0.1686,-0.9076,0.3744,3.48,2.39,-8.95,0.9962,9.90,1
1014231,0.2135,-0.9099,0.3869,-2.61,1.32,-7.40,1.0115,7.96,1
1014241,0.1734,-0.9343,0.3619,-3.18,0.06,-5.98,1.0169,6.77,1
1014251,0.1551,-0.9150,0.3573,-7.91,0.19,-7.14,0.9944,10.66,1
1014261,0.1571,-0.9245,0.3476,-13.44,-1.02,-7.18,1.0001,15.27,1
1014271,0.1634,-0.9340,0.3490,-16.24,-1.70,-6.67,1.0104,17.64,1
1014281,0.1702,-0.9493,0.3416,-17.43,-1.98,-5.84,1.0231,18.49,1
1014291,0.1870,-0.9655,0.3301,-14.00,-2.17,-4.70,1.0374,14.93,1
1014301,0.1670,-0.9828,0.3215,-5.85,-1.40,-3.67,1.0475,7.05,1
1014311,0.1530,-0.9890,0.3223,4.60,0.29,-3.41,1.0514,5.74,1
1014321,0.1470,-0.9803,0.3280,12.92,2.74,-4.02,1.0441,13.81,1
1014331,0.1346,-0.9464,0.3258,15.98,4.82,-4.95,1.0099,17.41,1
1014341,0.1404,-0.9391,0.3672,15.67,5.80,-5.57,1.0180,17.62,1
1014351,0.1640,-0.9282,0.3765,16.16,5.90,-2.64,1.0149,17.41,1
1014361,0.1408,-0.9271,0.3673,11.47,5.50,-2.31,1.0071,12.93,1
1014371,0.1332,-0.9347,0.3601,9.07,5.03,-2.35,1.0105,10.64,1
1014381,0.1337,-0.9455,0.3542,11.38,5.08,-2.03,1.0185,12.62,1
1014391,0.0734,-0.9574,0.3401,18.87,5.20,-0.20,1.0187,19.58,1
1014401,0.1731,-0.9253,0.3612,34.69,5.85,3.61,1.0083,35.36,1
1014411,0.1887,-0.9288,0.3828,34.90,7.27,4.11,1.0221,35.89,1
1014421,0.1743,-0.9104,0.3776,33.05,6.02,3.42,1.0009,33.77,1
1014431,0.0576,-0.8536,0.4439,8.39,3.94,-1.64,0.9639,9.41,1
1014441,0.1372,-0.9685,0.3851,-12.08,0.63,-5.56,1.0513,13.31,1
1014451,0.1773,-0.9557,0.3568,6.13,0.38,-2.02,1.0355,6.46,1
1014461,0.1770,-0.9165,0.3775,19.57,0.78,0.31,1.0068,19.59,1
1014471,0.1714,-0.9157,0.3775,17.34,0.74,0.60,1.0052,17.37,1
1014481,0.1455,-0.9229,0.3806,10.40,-0.13,0.40,1.0089,10.40,1
1014491,0.1415,-0.9466,0.3833,9.42,0.17,0.15,1.0310,9.42,1
1014501,0.1590,-0.9449,0.3869,9.03,0.73,-1.17,1.0333,9.13,1
1014511,0.1839,-0.9478,0.3862,4.84,0.36,-4.44,1.0398,6.57,1
1014521,0.1751,-0.9521,0.3763,-0.74,-1.09,-7.63,1.0386,7.74,1
1014531,0.1661,-0.9529,0.3715,-4.11,-1.00,-10.62,1.0362,11.43,1
1014541,0.1580,-0.9794,0.3642,-2.86,0.21,-12.45,1.0568,12.78,1
1014551,0.1676,-0.9630,0.3664,11.06,2.91,-14.46,1.0439,18.44,1
1014561,0.1723,-0.9473,0.3646,16.57,3.90,-15.44,1.0296,22.98,1
1014571,0.1772,-0.9474,0.3636,20.41,4.47,-16.51,1.0301,26.63,1
1014581,0.1856,-0.8997,0.3806,29.13,5.01,-15.36,0.9944,33.31,1
1014591,0.1872,-0.8827,0.4069,30.15,5.15,-13.82,0.9899,33.56,1
1014601,0.1737,-0.8588,0.4164,26.74,3.99,-11.74,0.9701,29.48,1
1014611,0.1707,-0.8542,0.4245,20.69,2.68,-9.61,0.9690,22.97,1
1014621,0.1964,-0.8542,0.4304,16.51,1.59,-6.63,0.9765,17.86,1
1014631,0.1999,-0.8762,0.4334,6.96,1.58,-4.72,0.9978,8.55,1
1014641,0.1946,-0.8893,0.4373,-3.54,1.53,-3.44,1.0099,5.17,1
1014651,0.1837,-0.9213,0.4311,-9.68,1.09,-2.42,1.0336,10.03,1
1014661,0.1753,-0.8794,0.4569,-6.83,1.51,0.09,1.0064,7.00,1
1014671,0.1995,-0.8836,0.4172,-9.84,1.72,2.15,0.9973,10.21,1
1014681,0.2336,-0.9021,0.4117,-10.84,2.19,5.29,1.0187,12.26,1
1014691,0.1940,-0.8905,0.4108,-7.97,4.23,8.61,0.9997,12.47,1
1014701,0.1705,-0.8983,0.4013,-14.76,4.96,9.36,0.9986,18.17,1
1014711,0.1715,-0.9032,0.3850,-22.45,4.56,9.85,0.9967,24.94,1
1014721,0.1588,-0.9349,0.3772,-25.18,3.91,8.97,1.0205,27.02,1
1014731,0.1523,-0.9323,0.3735,-27.02,2.98,8.17,1.0158,28.39,1
1014741,0.1592,-0.9251,0.3772,-28.71,1.15,7.43,1.0116,29.68,1
1014751,0.1665,-0.9154,0.3534,-36.82,-0.50,6.92,0.9953,37.47,1
1014761,0.1745,-0.9203,0.3720,-43.73,-1.92,5.59,1.0079,44.13,1
1014771,0.1855,-0.9115,0.3583,-46.38,-2.27,4.52,0.9968,46.65,1
1014781,0.1753,-0.9247,0.3506,-54.34,-3.12,4.17,1.0043,54.59,1
1014791,0.1615,-0.9321,0.3348,-55.80,-4.31,4.39,1.0035,56.14,1
1014801,0.1651,-0.9448,0.3196,-50.76,-4.56,4.59,1.0110,51.17,1
1014811,0.1700,-0.9462,0.3139,-46.40,-4.73,4.89,1.0113,46.90,1
1014821,0.1653,-0.9538,0.3123,-43.10,-5.32,5.22,1.0172,43.74,1
1014831,0.1685,-0.9589,0.3097,-36.44,-4.94,5.62,1.0216,37.20,1
1014841,0.1704,-0.9563,0.3034,-30.14,-4.52,5.88,1.0176,31.03,1
1014851,0.1630,-0.9588,0.3010,-27.69,-4.53,5.55,1.0181,28.61,1
1014861,0.1607,-0.9640,0.2973,-26.31,-4.21,4.80,1.0215,27.07,1
1014871,0.1616,-0.9690,0.2947,-24.90,-3.68,4.02,1.0256,25.49,1
1014881,0.1556,-0.9730,0.2889,-22.19,-3.43,3.61,1.0269,22.74,1
1014891,0.1509,-0.9699,0.2815,-17.63,-3.29,3.05,1.0211,18.19,1
1014901,0.1565,-0.9703,0.2831,-14.95,-2.87,1.88,1.0228,15.33,1
1014911,0.1556,-0.9736,0.2775,-13.65,-2.56,0.58,1.0242,13.90,1
1014921,0.1556,-0.9764,0.2757,-11.21,-2.06,-0.25,1.0264,11.40,1
1014931,0.1649,-0.9707,0.2797,-7.51,-1.95,-0.51,1.0235,7.77,1
1014941,0.1627,-0.9638,0.2794,-4.85,-0.95,0.77,1.0166,5.00,1
1014951,0.1574,-0.9625,0.2754,-5.56,-0.64,1.28,1.0134,5.74,1
1014961,0.1560,-0.9669,0.2764,-5.08,-0.39,1.61,1.0176,5.35,1
1014971,0.1653,-0.9697,0.2768,-4.78,-0.19,2.00,1.0219,5.18,1
1014981,0.1707,-0.9712,0.2836,-5.32,-0.22,2.86,1.0260,6.04,1
1014991,0.1592,-0.9749,0.2686,-6.27,0.02,3.52,1.0237,7.18,1
1015001,0.1498,-0.9743,0.2548,-6.20,0.26,3.34,1.0182,7.05,1
1015011,0.1461,-0.9772,0.2633,-5.28,0.31,2.55,1.0225,5.87,1
1015021,0.1493,-0.9663,0.2684,-1.98,0.07,2.22,1.0140,2.98,1
1015031,0.1539,-0.9579,0.2752,-0.44,-0.14,1.90,1.0085,1.95,1
1015041,0.1520,-0.9538,0.2737,-0.69,-0.29,1.35,1.0038,1.54,1
1015051,0.1523,-0.9519,0.2730,-1.93,-0.45,0.74,1.0019,2.11,1
1015061,0.1556,-0.9565,0.2688,-3.58,-0.62,0.26,1.0056,3.64,1
1015071,0.1589,-0.9588,0.2703,-4.52,-0.79,-0.09,1.0087,4.58,1
1015081,0.1609,-0.9553,0.2698,-5.01,-1.07,-0.40,1.0056,5.14,1
1015091,0.1576,-0.9579,0.2693,-5.15,-1.15,-0.82,1.0074,5.34,1
1015101,0.1609,-0.9558,0.2718,-5.49,-1.07,-1.21,1.0066,5.72,1
1015111,0.1646,-0.9568,0.2692,-7.01,-0.65,-1.17,1.0075,7.14,1
1015121,0.1661,-0.9536,0.2662,-8.21,-0.08,-0.81,1.0039,8.25,1
1015131,0.1597,-0.9580,0.2632,-10.21,0.13,-0.61,1.0063,10.23,1
1015141,0.1587,-0.9638,0.2585,-11.90,0.05,-0.63,1.0104,11.92,1
1015151,0.1572,-0.9682,0.2545,-11.96,-0.11,-0.64,1.0133,11.98,1
1015161,0.1582,-0.9678,0.2565,-9.63,-0.72,-0.49,1.0136,9.67,1
1015171,0.1547,-0.9729,0.2498,-8.24,-0.91,-0.48,1.0163,8.31,1
1015181,0.1532,-0.9709,0.2488,-7.25,-0.81,-0.72,1.0139,7.32,1
1015191,0.1522,-0.9788,0.2439,-7.04,-0.71,-1.39,1.0201,7.21,1
1015201,0.1562,-0.9829,0.2439,-4.74,-0.65,-1.81,1.0247,5.12,1
1015211,0.1627,-0.9804,0.2520,-2.48,-0.27,-1.95,1.0253,3.16,1
1015221,0.1652,-0.9740,0.2574,-1.42,0.08,-1.82,1.0209,2.31,1
1015231,0.1623,-0.9707,0.2498,-2.02,0.30,-1.78,1.0154,2.71,1
1015241,0.1571,-0.9717,0.2459,-1.80,0.32,-1.73,1.0146,2.52,1
1015251,0.1618,-0.9687,0.2485,-0.85,0.30,-1.34,1.0130,1.61,1
1015261,0.1667,-0.9650,0.2497,-1.17,0.10,-0.66,1.0106,1.35,1
1015271,0.1659,-0.9633,0.2493,-1.83,-0.03,-0.17,1.0088,1.84,1
1015281,0.1636,-0.9657,0.2461,-2.49,-0.05,-0.04,1.0099,2.49,1
1015291,0.1634,-0.9663,0.2452,-2.61,-0.15,-0.04,1.0103,2.61,1
1015301,0.1657,-0.9665,0.2473,-2.81,-0.44,0.10,1.0113,2.84,1
1015311,0.1644,-0.9686,0.2464,-3.53,-0.69,0.23,1.0129,3.60,1
1015321,0.1592,-0.9711,0.2390,-4.49,-0.98,0.09,1.0127,4.60,1
1015331,0.1601,-0.9696,0.2381,-5.41,-1.40,-0.23,1.0111,5.59,1
1015341,0.1614,-0.9684,0.2389,-5.50,-1.73,-0.56,1.0104,5.80,1
1015351,0.1621,-0.9673,0.2434,-6.37,-1.76,-0.79,1.0105,6.66,1
1015361,0.1556,-0.9666,0.2382,-8.44,-1.38,-0.94,1.0077,8.60,1
1015371,0.1528,-0.9718,0.2314,-9.00,-0.74,-1.26,1.0106,9.12,1
1015381,0.1577,-0.9674,0.2317,-6.62,-0.76,-1.19,1.0072,6.76,1
1015391,0.1612,-0.9718,0.2376,-5.85,-0.48,-1.18,1.0133,5.99,1
1015401,0.1651,-0.9733,0.2356,-5.88,-0.01,-1.13,1.0150,5.99,1
1015411,0.1633,-0.9780,0.2315,-6.17,0.13,-1.30,1.0183,6.31,1
1015421,0.1694,-0.9785,0.2322,-5.44,0.28,-1.23,1.0198,5.59,1
1015431,0.1692,-0.9776,0.2350,-5.46,0.51,-1.01,1.0196,5.58,1
1015441,0.1613,-0.9716,0.2306,-5.73,0.51,-0.81,1.0115,5.81,1
1015451,0.1601,-0.9743,0.2250,-6.95,0.84,-0.82,1.0127,7.05,1
1015461,0.1628,-0.9755,0.2242,-7.25,0.79,-1.02,1.0141,7.36,1
1015471,0.1621,-0.9704,0.2239,-7.31,0.65,-0.99,1.0090,7.40,1
1015481,0.1656,-0.9746,0.2285,-8.77,0.91,-1.15,1.0146,8.89,1
1015491,0.1668,-0.9699,0.2264,-8.17,0.60,-0.88,1.0098,8.24,1
1015501,0.1651,-0.9688,0.2206,-7.56,0.63,-1.30,1.0073,7.70,1
1015511,0.1608,-0.9657,0.2138,-7.46,0.68,-1.86,1.0021,7.71,1
1015521,0.1638,-0.9750,0.2149,-8.46,0.95,-2.30,1.0117,8.82,1
1015531,0.1688,-0.9764,0.2154,-9.04,0.23,-1.61,1.0140,9.18,1
1015541,0.1663,-0.9762,0.2117,-9.18,0.19,-1.43,1.0126,9.29,1
1015551,0.1718,-0.9694,0.2121,-9.20,0.28,-1.24,1.0071,9.28,1
1015561,0.1670,-0.9628,0.2137,-11.79,0.74,-1.19,1.0003,11.87,1
1015571,0.1668,-0.9704,0.2117,-14.66,1.31,-1.14,1.0072,14.76,1
1015581,0.1679,-0.9732,0.2086,-14.91,1.09,-0.81,1.0094,14.97,1
1015591,0.1664,-0.9751,0.2031,-15.61,1.15,-0.82,1.0098,15.67,1
1015601,0.1656,-0.9896,0.2003,-17.51,1.94,-1.39,1.0232,17.67,1
1015611,0.1635,-0.9872,0.1937,-13.31,1.44,-1.63,1.0192,13.48,1
1015621,0.1621,-0.9843,0.1960,-9.48,1.62,-2.23,1.0167,9.87,1
1015631,0.1632,-0.9810,0.1928,-7.96,2.20,-3.07,1.0130,8.81,1
1015641,0.1724,-0.9863,0.1951,-7.01,2.79,-3.61,1.0201,8.36,1
1015651,0.1776,-0.9762,0.2007,-4.65,2.75,-3.08,1.0123,6.21,1
1015661,0.1807,-0.9776,0.1953,-5.92,3.35,-2.68,1.0131,7.31,1
1015671,0.1780,-0.9795,0.1845,-6.72,2.62,-2.55,1.0125,7.65,1
1015681,0.1730,-0.9828,0.1798,-7.68,1.58,-2.74,1.0140,8.31,1
1015691,0.1730,-0.9846,0.1807,-8.09,0.99,-2.67,1.0159,8.57,1
1015701,0.1732,-0.9974,0.1824,-8.16,1.66,-2.32,1.0286,8.65,1
1015711,0.1731,-0.9843,0.1866,-4.14,1.42,-1.87,1.0167,4.76,1
1015721,0.1757,-0.9832,0.1960,-1.23,2.73,-2.15,1.0178,3.69,1
1015731,0.1840,-0.9877,0.1990,-1.33,3.79,-2.15,1.0242,4.56,1
1015741,0.1823,-0.9915,0.1943,-0.88,5.01,-2.02,1.0267,5.48,1
1015751,0.1851,-0.9912,0.1963,0.50,5.92,-1.85,1.0273,6.22,1
1015761,0.1898,-0.9890,0.1986,1.49,6.90,-1.24,1.0265,7.17,1
1015771,0.1892,-0.9820,0.2005,1.65,7.50,-0.20,1.0200,7.68,1
1015781,0.1862,-0.9726,0.2004,0.42,7.55,1.03,1.0103,7.63,1
1015791,0.1795,-0.9706,0.2000,-0.02,7.30,1.32,1.0071,7.42,1
1015801,0.1762,-0.9740,0.1970,0.19,8.14,1.00,1.0092,8.20,1
1015811,0.1772,-0.9737,0.2006,1.51,9.75,0.59,1.0098,9.88,1
1015821,0.1762,-0.9719,0.1981,2.45,11.33,0.14,1.0074,11.59,1
1015831,0.1717,-0.9710,0.1913,4.08,11.91,-0.82,1.0045,12.61,1
1015841,0.1661,-0.9749,0.1870,4.28,12.14,-2.00,1.0065,13.02,1
1015851,0.1621,-0.9762,0.1828,4.59,11.71,-3.11,1.0063,12.95,1
1015861,0.1629,-0.9783,0.1839,4.55,11.01,-3.97,1.0087,12.56,1
1015871,0.1642,-0.9818,0.1817,4.65,10.35,-4.28,1.0119,12.13,1
1015881,0.1617,-0.9835,0.1793,5.24,9.51,-4.26,1.0127,11.67,1
1015891,0.1582,-0.9818,0.1759,5.94,9.21,-4.26,1.0099,11.76,1
1015901,0.1614,-0.9823,0.1808,7.60,9.08,-4.77,1.0118,12.76,1
1015911,0.1616,-0.9813,0.1834,9.04,9.11,-5.65,1.0113,14.02,1
1015921,0.1568,-0.9741,0.1809,11.28,8.94,-5.89,1.0031,15.55,1
1015931,0.1585,-0.9735,0.1841,12.06,8.31,-6.59,1.0033,16.06,1
1015941,0.1638,-0.9752,0.1910,12.20,7.50,-6.93,1.0072,15.91,1
1015951,0.1733,-0.9767,0.2006,11.14,6.58,-6.67,1.0120,14.55,1
1015961,0.1790,-0.9800,0.2035,9.87,6.10,-6.34,1.0168,13.22,1
1015971,0.1794,-0.9797,0.2081,9.00,5.55,-6.16,1.0175,12.23,1
1015981,0.1810,-0.9771,0.2114,7.94,5.00,-5.78,1.0160,11.01,1
1015991,0.1851,-0.9814,0.2150,6.34,4.29,-5.28,1.0216,9.30,1
1016001,0.1874,-0.9783,0.2217,4.71,3.61,-4.31,1.0205,7.34,1
1016011,0.1898,-0.9743,0.2223,3.47,3.31,-3.49,1.0172,5.93,1
1016021,0.1878,-0.9704,0.2206,2.35,3.19,-3.34,1.0127,5.18,1
1016031,0.1870,-0.9751,0.2173,2.10,3.47,-3.63,1.0164,5.45,1
1016041,0.1853,-0.9777,0.2139,2.25,3.68,-3.61,1.0178,5.62,1
1016051,0.1854,-0.9777,0.2128,2.70,3.68,-3.27,1.0177,5.62,1
1016061,0.1824,-0.9766,0.2097,2.83,3.77,-2.87,1.0154,5.52,1
1016071,0.1759,-0.9713,0.2101,3.09,3.59,-2.32,1.0093,5.27,1
1016081,0.1762,-0.9688,0.2086,3.17,2.97,-2.07,1.0065,4.81,1
1016091,0.1773,-0.9712,0.2152,2.80,2.35,-2.31,1.0104,4.33,1
1016101,0.1829,-0.9811,0.2143,3.03,2.59,-3.61,1.0208,5.38,1
1016111,0.1771,-0.9681,0.2159,5.62,3.10,-3.71,1.0076,7.41,1
1016121,0.1826,-0.9705,0.2190,4.25,2.66,-3.28,1.0115,5.99,1
1016131,0.1804,-0.9641,0.2211,2.87,2.28,-3.14,1.0054,4.82,1
1016141,0.1867,-0.9742,0.2220,2.34,2.85,-3.51,1.0165,5.09,1
1016151,0.1905,-0.9727,0.2228,3.22,3.48,-2.93,1.0159,5.58,1
1016161,0.1812,-0.9707,0.2164,3.07,3.54,-2.24,1.0109,5.19,1
1016171,0.1831,-0.9705,0.2175,2.39,3.25,-1.93,1.0113,4.47,1
1016181,0.1822,-0.9709,0.2195,2.26,3.19,-2.00,1.0119,4.38,1
1016191,0.1858,-0.9752,0.2192,2.56,2.98,-1.88,1.0167,4.36,1
1016201,0.1890,-0.9802,0.2219,3.31,2.89,-1.39,1.0226,4.61,1
1016211,0.1871,-0.9802,0.2217,3.05,2.70,-0.66,1.0223,4.13,1
1016221,0.1849,-0.9769,0.2205,2.71,2.18,-0.18,1.0184,3.48,1
1016231,0.1839,-0.9740,0.2241,2.93,1.68,-0.22,1.0162,3.39,1
1016241,0.1828,-0.9691,0.2250,3.38,1.37,-0.30,1.0116,3.66,1
1016251,0.1834,-0.9638,0.2215,4.18,0.95,-0.51,1.0058,4.32,1
1016261,0.1776,-0.9590,0.2192,4.37,0.53,-0.98,0.9997,4.51,1
1016271,0.1731,-0.9540,0.2131,4.17,-0.15,-1.54,0.9927,4.44,1
1016281,0.1706,-0.9515,0.2139,3.74,-1.11,-2.28,0.9900,4.52,1
1016291,0.1729,-0.9499,0.2183,2.99,-2.07,-2.70,0.9899,4.53,1
1016301,0.1779,-0.9546,0.2237,1.79,-2.80,-3.61,0.9965,4.91,1
1016311,0.1867,-0.9575,0.2295,3.98,-3.11,-3.84,1.0022,6.34,1
1016321,0.1943,-0.9640,0.2301,3.82,-2.21,-4.06,1.0100,6.00,1
1016331,0.1959,-0.9749,0.2276,1.51,-1.63,-4.27,1.0201,4.81,1
1016341,0.1962,-0.9777,0.2315,0.53,-1.87,-4.09,1.0237,4.53,1
1016351,0.1948,-0.9762,0.2312,0.41,-1.60,-4.04,1.0219,4.37,1
1016361,0.1934,-0.9737,0.2271,0.92,-1.37,-4.29,1.0183,4.59,1
1016371,0.1969,-0.9756,0.2271,3.03,-1.70,-4.50,1.0209,5.68,1
1016381,0.2007,-0.9815,0.2321,3.44,-1.38,-3.91,1.0284,5.39,1
1016391,0.2013,-0.9699,0.2287,2.43,-1.44,-2.77,1.0166,3.96,1
1016401,0.1982,-0.9750,0.2289,1.47,-1.28,-3.15,1.0209,3.70,1
1016411,0.2035,-0.9732,0.2303,3.28,-0.95,-3.24,1.0205,4.71,1
1016421,0.2059,-0.9675,0.2329,2.06,-1.37,-2.72,1.0162,3.67,1
1016431,0.2107,-0.9639,0.2365,-0.36,-2.25,-2.41,1.0146,3.31,1
1016441,0.2129,-0.9633,0.2412,-1.15,-2.12,-2.86,1.0156,3.74,1
1016451,0.2212,-0.9730,0.2430,-0.34,-0.98,-3.03,1.0270,3.20,1
1016461,0.2293,-0.9835,0.2450,-1.39,-0.19,-1.72,1.0391,2.22,1
1016471,0.2376,-0.9927,0.2533,-4.52,-0.35,1.34,1.0517,4.73,1
1016481,0.2407,-1.0117,0.2547,-8.99,-0.78,4.43,1.0707,10.05,1
1016491,0.2557,-1.0204,0.2579,-10.22,-0.48,6.88,1.0831,12.33,1
1016501,0.2657,-1.0357,0.2609,-11.65,2.42,8.39,1.1006,14.56,1
1016511,0.2601,-1.0391,0.2473,-12.11,4.40,11.77,1.0994,17.45,1
1016521,0.2383,-1.0222,0.2294,-15.65,4.10,15.33,1.0744,22.28,1
1016531,0.2315,-1.0228,0.2228,-19.99,2.75,17.08,1.0721,26.43,1
1016541,0.2307,-1.0212,0.2250,-20.34,2.01,18.11,1.0708,27.31,1
1016551,0.2412,-1.0291,0.2303,-23.09,1.78,19.56,1.0818,30.31,1
1016561,0.2553,-1.0442,0.2394,-27.80,2.56,22.37,1.1013,35.77,1
1016571,0.2546,-1.0484,0.2255,-30.74,4.72,26.91,1.1022,41.12,1
1016581,0.2307,-1.0397,0.2053,-34.86,6.20,30.69,1.0846,46.85,1
1016591,0.2078,-1.0279,0.1879,-37.42,6.39,32.38,1.0654,49.90,1
1016601,0.1951,-1.0235,0.1819,-36.79,5.94,33.58,1.0577,50.16,1
1016611,0.1689,-0.9948,0.1784,-37.86,4.85,35.63,1.0247,52.22,1
1016621,0.1439,-0.9907,0.1592,-43.01,2.91,36.67,1.0137,56.59,1
1016631,0.1262,-0.9845,0.1457,-41.69,1.99,35.67,1.0032,54.90,1
1016641,0.1205,-0.9862,0.1361,-37.89,1.45,34.06,1.0028,50.96,1
1016651,0.1162,-0.9985,0.1349,-33.82,1.07,33.55,1.0143,47.65,1
1016661,0.1140,-0.9890,0.1332,-28.14,1.22,34.62,1.0044,44.63,1
1016671,0.1032,-0.9674,0.1093,-23.01,1.54,35.32,0.9790,42.18,1
1016681,0.0511,-0.9276,0.1170,-20.03,0.67,34.24,0.9364,39.67,1
1016691,0.0378,-0.9095,0.1097,-18.50,-0.03,29.71,0.9169,34.99,1
1016701,0.0401,-0.9190,0.0990,-20.14,-1.45,27.86,0.9252,34.41,1
1016711,0.0563,-0.9580,0.0985,-17.87,-3.39,27.13,0.9647,32.66,1
1016721,0.0696,-1.0016,0.0804,-9.21,-3.26,28.84,1.0072,30.45,1
1016731,0.0458,-1.0043,0.0683,-3.05,-3.44,31.64,1.0076,31.97,1
1016741,0.0348,-1.0008,0.0649,-5.27,-6.04,32.94,1.0035,33.90,1
1016751,0.0245,-1.0128,0.0573,-8.73,-9.83,33.03,1.0147,35.55,1
1016761,0.0196,-1.0028,0.0487,-7.82,-15.12,31.32,1.0042,35.64,1
1016771,0.0138,-0.9992,0.0561,-9.36,-19.71,27.17,1.0009,34.84,1
1016781,0.0141,-1.0135,0.0808,-13.31,-22.23,23.00,1.0168,34.64,0
1016791,0.0273,-1.0052,0.0915,-8.92,-22.52,20.21,1.0098,31.55,0
1016801,0.0506,-1.0138,0.1128,-2.94,-20.37,18.53,1.0213,27.70,0
1016811,0.0555,-0.9878,0.1203,-1.20,-17.85,18.20,0.9966,25.52,0
1016821,0.0594,-0.9844,0.1294,-2.67,-15.12,16.51,0.9946,22.55,0
1016831,0.0455,-0.9625,0.1288,-0.25,-11.44,13.99,0.9721,18.07,0
1016841,0.0441,-0.9624,0.1299,1.24,-7.59,8.95,0.9721,11.80,0
1016851,0.0463,-0.9803,0.1249,5.38,-3.37,3.92,0.9893,7.46,0
1016861,0.0318,-0.9855,0.1151,11.92,0.74,0.23,0.9927,11.94,0
1016871,0.0302,-0.9724,0.1115,18.71,2.42,-4.24,0.9792,19.33,0
1016881,0.0570,-0.9968,0.1121,23.67,8.61,-20.88,1.0047,32.71,0
1016891,0.0665,-1.0224,0.1250,22.60,11.89,-26.79,1.0322,37.01,0
1016901,0.0687,-1.0212,0.1180,31.39,15.46,-29.30,1.0303,45.64,0
1016911,0.0687,-1.0452,0.1153,35.06,17.93,-31.30,1.0538,50.30,0
1016921,0.0795,-1.0590,0.1190,37.15,18.06,-29.24,1.0687,50.61,0
1016931,0.0691,-1.0532,0.1278,34.46,15.71,-24.13,1.0631,44.90,0
1016941,0.0610,-1.0204,0.1384,33.40,15.05,-19.95,1.0316,41.71,0
1016951,0.0690,-1.0177,0.1514,32.19,15.57,-18.40,1.0312,40.21,0
1016961,0.1066,-1.0321,0.1859,32.84,17.35,-15.29,1.0541,40.16,0
1016971,0.1211,-1.0417,0.1874,33.31,20.34,-8.51,1.0653,39.95,0
1016981,0.0901,-1.0168,0.1770,33.05,22.51,-1.93,1.0360,40.04,0
1016991,0.0549,-0.9938,0.1540,33.66,23.60,-0.57,1.0071,41.11,0
1017001,0.0362,-0.9857,0.1375,39.17,23.81,-4.62,0.9959,46.07,0
1017011,0.0384,-0.9932,0.1507,44.98,23.12,-9.48,1.0053,51.45,0
1017021,0.0479,-0.9907,0.1626,50.47,22.76,-11.61,1.0051,56.57,0
1017031,0.0561,-0.9757,0.1801,53.59,21.25,-11.95,0.9937,58.88,0
1017041,0.0746,-0.9676,0.2058,55.60,20.55,-13.63,0.9920,60.82,0
1017051,0.0953,-0.9696,0.2204,61.01,22.94,-18.38,0.9989,67.73,0
1017061,0.1398,-0.9890,0.2775,65.31,25.70,-23.65,1.0366,74.06,0
1017071,0.1163,-0.9882,0.2690,65.21,28.98,-26.12,1.0308,75.99,0
1017081,0.0740,-0.9840,0.2559,68.84,37.95,-31.46,1.0194,84.66,0
1017091,0.0774,-0.9852,0.2789,75.15,39.40,-33.51,1.0269,91.23,0
1017101,0.0948,-0.9624,0.3029,76.65,38.34,-30.56,1.0134,90.99,0
1017111,0.1167,-0.9331,0.3278,72.63,35.31,-28.29,0.9959,85.57,0
1017121,0.1492,-0.9472,0.3498,69.27,36.76,-30.56,1.0207,84.16,0
1017131,0.1153,-0.9694,0.3004,68.60,42.88,-33.50,1.0214,87.56,0
1017141,0.0802,-0.9177,0.2296,64.38,46.04,-37.68,0.9494,87.66,0
1017151,0.0560,-1.0356,0.2210,52.43,46.61,-46.03,1.0604,83.90,0
1017161,0.0557,-0.9876,0.2512,70.27,46.17,-51.32,1.0205,98.50,0
1017171,0.1104,-0.9949,0.2623,83.35,49.46,-59.80,1.0348,113.88,0
1017181,0.1292,-1.0450,0.2704,91.71,57.02,-70.74,1.0871,129.10,0
1017191,0.1381,-1.0653,0.3016,100.36,62.18,-76.27,1.1158,140.55,0
1017201,0.1711,-1.0130,0.3515,112.00,67.67,-77.46,1.0858,152.07,0
1017211,0.1907,-0.9746,0.4056,110.83,72.76,-76.06,1.0727,152.84,0
1017221,0.1649,-0.8970,0.4352,107.14,75.89,-73.61,1.0106,150.52,0
1017231,0.1317,-0.8565,0.4590,104.75,79.85,-72.49,0.9806,150.34,0
1017241,0.1276,-0.8204,0.4545,108.16,84.63,-72.70,0.9465,155.39,0
1017251,0.1362,-0.8763,0.4334,104.63,90.59,-73.98,0.9871,156.93,0
1017261,0.1662,-0.7999,0.4663,103.94,87.85,-74.92,0.9407,155.35,0
1017271,0.1508,-0.8485,0.4697,103.09,88.65,-80.55,0.9815,158.03,0
1017281,0.1336,-0.8550,0.5012,113.64,87.47,-79.63,1.0000,164.03,0
1017291,0.1428,-0.7794,0.5615,131.46,85.59,-74.93,0.9711,173.84,0
1017301,0.1396,-0.7521,0.6010,142.67,86.15,-73.64,0.9728,182.21,0
1017311,0.1537,-0.7149,0.6450,150.74,85.73,-73.93,0.9750,188.51,0
1017321,0.1310,-0.7227,0.6703,150.70,85.84,-74.19,0.9943,188.64,0
1017331,0.1323,-0.6660,0.6773,159.77,85.70,-74.30,0.9590,195.93,0
1017341,0.1337,-0.6583,0.7077,166.32,84.03,-77.22,0.9758,201.71,0
1017351,0.2013,-0.7072,0.7418,169.14,84.65,-80.53,1.0445,205.57,0
1017361,0.2585,-0.6923,0.7872,179.09,86.61,-78.58,1.0797,213.89,0
1017371,0.2293,-0.6497,0.7752,189.12,89.66,-71.79,1.0371,221.27,0
1017381,0.1674,-0.5853,0.7535,187.06,89.69,-68.00,0.9687,218.31,0
1017391,0.1226,-0.5029,0.7940,182.69,87.47,-67.80,0.9478,213.60,0
1017401,0.1187,-0.5209,0.7947,184.33,90.91,-68.60,0.9576,216.67,0
1017411,0.1249,-0.5252,0.8040,191.33,94.90,-69.48,0.9684,224.59,0
1017421,0.0887,-0.4979,0.8568,200.57,96.78,-67.15,0.9949,232.60,0
1017431,0.0836,-0.3814,0.9244,208.02,95.43,-60.91,1.0035,236.83,0
1017441,0.0904,-0.2954,0.9991,185.54,89.31,-55.94,1.0458,213.38,0
1017451,0.0817,-0.2452,1.0721,163.43,78.83,-50.62,1.1028,188.38,0
1017461,0.1023,-0.2270,1.0705,136.97,68.45,-38.78,1.0991,157.96,0
1017471,0.1021,-0.2677,1.0316,77.34,46.61,-35.93,1.0707,97.19,0
1017481,0.0718,-0.3282,0.9557,62.84,43.03,-34.79,1.0131,83.73,0
1017491,0.0798,-0.3542,0.9246,62.62,40.94,-35.46,0.9933,82.80,0
1017501,0.0798,-0.3626,0.9016,69.60,41.23,-37.14,0.9751,89.01,0
1017511,0.0581,-0.3142,0.9055,75.47,39.52,-37.04,0.9602,92.90,0
1017521,0.0417,-0.2484,0.9488,75.23,36.07,-35.81,0.9816,90.79,0
1017531,0.0607,-0.2084,0.9819,70.06,32.30,-33.60,1.0056,84.15,0
1017541,0.0786,-0.2092,1.0010,63.45,30.21,-31.82,1.0257,77.14,0
1017551,0.0996,-0.2554,0.9869,61.67,31.68,-30.00,1.0242,75.54,0
1017561,0.0813,-0.2617,0.9459,65.77,34.88,-28.18,0.9848,79.59,0
1017571,0.0396,-0.2465,0.9201,66.62,34.86,-28.11,0.9534,80.27,0
1017581,0.0360,-0.2442,0.9595,72.02,36.18,-28.64,0.9907,85.54,0
1017591,0.0402,-0.2157,0.9743,84.99,41.44,-27.52,0.9987,98.48,0
1017601,0.0251,-0.1475,0.9915,87.20,42.14,-24.16,1.0027,99.82,0
1017611,0.0057,-0.0838,1.0252,76.41,37.66,-20.76,1.0286,87.67,0
1017621,0.0307,-0.0942,1.0398,64.88,35.44,-19.12,1.0445,76.36,0
1017631,0.0571,-0.1093,1.0435,53.06,35.00,-16.72,1.0507,65.73,0
1017641,0.0247,-0.1269,1.0102,44.95,33.56,-16.24,1.0184,58.40,0
1017651,-0.0043,-0.1515,0.9918,38.54,29.98,-15.65,1.0033,51.27,0
1017661,-0.0105,-0.1409,0.9844,35.99,25.77,-15.46,0.9945,46.89,0
1017671,-0.0026,-0.1137,1.0240,38.29,22.47,-15.52,1.0303,47.03,0
1017681,-0.0059,-0.0976,1.0469,37.10,23.26,-15.13,1.0514,46.33,0
1017691,-0.0399,-0.0723,1.1463,51.23,30.50,-16.87,1.1493,61.96,0
1017701,-0.1837,-0.2474,1.2020,104.81,70.08,-11.34,1.2408,126.59,0
1017711,0.0881,-0.0286,0.7830,117.79,82.78,9.73,0.7884,144.30,0
1017721,-0.2316,0.0252,1.0939,62.28,26.52,-4.95,1.1184,67.88,0
1017731,-0.0732,-0.0088,0.9263,128.55,55.15,-19.29,0.9293,141.20,0
1017741,0.0230,-0.0735,0.9043,87.87,33.17,-10.31,0.9075,94.48,0
1017751,-0.0885,0.0277,0.9211,32.30,3.40,-0.10,0.9258,32.47,0
1017761,-0.0931,-0.0149,0.8532,36.36,2.92,-5.77,0.8584,36.93,0
1017771,-0.1062,0.0027,0.8718,35.57,-5.99,-10.43,0.8783,37.55,0
1017781,-0.0957,0.0827,0.9801,28.84,-18.46,-12.43,0.9882,36.43,0
1017791,-0.0263,0.1035,1.1205,23.54,-20.06,-13.53,1.1256,33.76,0
1017801,-0.0006,0.1045,1.1335,15.03,-15.64,-10.97,1.1383,24.31,0
1017811,-0.0174,0.0921,1.1596,0.67,-15.45,-8.86,1.1634,17.82,0
1017821,0.0267,0.0688,1.1697,-4.30,-9.59,-6.25,1.1720,12.23,0
1017831,0.0457,0.0528,1.1728,-19.25,-8.09,-2.75,1.1748,21.06,0
1017841,0.0365,0.0307,1.0558,-39.90,-9.89,0.46,1.0569,41.11,0
1017851,0.0105,-0.0667,1.0086,-54.27,-12.42,4.88,1.0109,55.88,0
1017861,0.0224,-0.0903,1.0080,-55.36,-9.84,7.95,1.0123,56.79,0
1017871,0.0224,-0.0766,1.0027,-50.31,-4.62,11.76,1.0059,51.87,0
1017881,0.0084,-0.0606,1.0052,-53.38,-2.13,15.20,1.0070,55.55,0
1017891,0.0038,-0.0471,1.0091,-61.26,-1.40,18.62,1.0102,64.04,0
1017901,0.0029,-0.0679,1.0023,-74.22,-2.71,20.50,1.0046,77.04,0
1017911,0.0099,-0.0881,1.0319,-80.57,-5.36,21.95,1.0357,83.68,0
1017921,0.0006,-0.0808,1.0468,-83.06,-6.00,24.65,1.0499,86.85,0
1017931,0.0200,-0.1009,1.0440,-84.65,-4.24,22.86,1.0490,87.78,0
1017941,-0.0331,-0.1539,1.0174,-83.47,0.12,17.82,1.0295,85.35,0
1017951,0.0040,-0.1887,1.0284,-91.07,4.03,17.95,1.0456,92.91,0
1017961,-0.0559,-0.0442,1.2019,-111.63,2.50,14.26,1.2040,112.57,0
1017971,0.0385,-0.1929,1.1547,-229.67,-13.14,-2.92,1.1713,230.06,0
1017981,0.0838,-0.3264,0.9143,-259.81,-6.19,-2.05,0.9744,259.89,0
1017991,0.1046,-0.3649,0.9265,-235.36,-6.38,9.42,1.0012,235.63,0
1018001,0.0770,-0.4579,1.0176,-233.28,-6.25,20.89,1.1185,234.29,0
1018011,-0.0979,-0.3247,0.8938,-244.76,-2.08,24.88,0.9560,246.02,0
1018021,-0.0968,-0.4511,0.8144,-265.52,-0.65,20.37,0.9360,266.30,0
1018031,-0.0033,-0.5600,0.7646,-249.73,-5.07,13.72,0.9477,250.15,0
1018041,-0.0226,-0.6305,0.7782,-200.18,3.12,14.34,1.0018,200.72,0
1018051,0.0189,-0.6882,0.7433,-136.11,32.80,22.79,1.0131,141.85,0
1018061,-0.0631,-0.6486,0.8204,-0.60,39.64,26.81,1.0477,47.86,0
1018071,-0.1124,-0.5791,0.8499,44.50,46.65,30.64,1.0346,71.38,0
1018081,-0.1346,-0.5452,0.8410,71.53,52.45,31.67,1.0113,94.18,0
1018091,-0.1887,-0.4928,0.8418,93.46,53.52,32.79,0.9935,112.58,0
1018101,-0.0803,-0.3976,0.8854,111.42,51.98,28.95,0.9739,126.31,0
1018111,-0.0740,-0.4534,0.8960,108.33,47.47,18.20,1.0069,119.67,0
1018121,-0.1044,-0.4250,0.9171,89.50,42.03,14.08,1.0161,99.87,0
1018131,-0.1490,-0.4295,0.8679,83.66,41.84,9.11,0.9797,93.98,0
1018141,-0.1057,-0.4105,0.8841,78.14,41.47,6.20,0.9805,88.68,0
1018151,-0.0861,-0.3731,0.9537,68.64,39.69,1.56,1.0277,79.30,0
1018161,-0.0676,-0.4190,0.9814,54.37,41.22,0.12,1.0692,68.23,0
1018171,-0.0815,-0.4188,0.9359,47.15,45.42,2.90,1.0286,65.53,0
1018181,-0.1326,-0.3889,0.9282,45.77,46.54,3.03,1.0151,65.35,0
1018191,-0.1625,-0.3856,0.9316,57.35,50.01,3.75,1.0213,76.18,0
1018201,-0.1360,-0.3329,0.9624,78.25,55.41,5.54,1.0274,96.04,0
1018211,-0.1475,-0.3224,0.9565,81.04,57.50,4.84,1.0201,99.48,0
1018221,-0.1818,-0.2909,0.9466,81.23,54.72,4.42,1.0068,98.04,0
1018231,-0.1931,-0.2323,1.0157,81.97,51.56,5.00,1.0596,96.97,0
1018241,-0.1607,-0.2393,1.0545,77.67,47.74,11.29,1.0931,91.86,0
1018251,-0.1193,-0.2434,1.0303,49.16,40.32,14.61,1.0654,65.24,0
1018261,-0.1644,-0.3213,0.9564,32.07,34.64,14.70,1.0222,49.44,0
1018271,-0.1699,-0.3435,0.9430,25.08,27.84,20.94,1.0179,42.92,0
1018281,-0.1513,-0.3202,0.9871,21.94,23.29,28.46,1.0487,42.82,0
1018291,-0.1313,-0.3210,1.0144,18.76,23.47,35.61,1.0720,46.59,0
1018301,-0.1748,-0.3163,0.9485,13.12,25.06,44.07,1.0150,52.37,0
1018311,-0.2273,-0.2962,0.9313,9.85,20.40,51.52,1.0033,56.28,0
1018321,-0.2406,-0.2325,0.9525,4.77,15.23,58.28,1.0095,60.42,0
1018331,-0.2582,-0.1769,0.9820,-1.09,13.67,56.18,1.0307,57.83,0
1018341,-0.2563,-0.2075,1.0111,-2.29,16.20,53.16,1.0635,55.62,0
1018351,-0.2695,-0.1967,0.9826,-10.12,14.72,53.30,1.0377,56.21,0
1018361,-0.2815,-0.2427,0.9483,-18.86,9.04,49.22,1.0186,53.48,0
1018371,-0.2435,-0.3569,0.9322,-17.40,5.68,49.88,1.0274,53.13,0
1018381,-0.2147,-0.3802,0.9423,-9.25,1.00,59.20,1.0385,59.93,0
1018391,-0.1984,-0.3320,0.9598,-9.27,-6.85,66.89,1.0348,67.88,0
1018401,-0.2153,-0.3073,0.9421,-19.91,-14.60,69.02,1.0141,73.30,0
1018411,-0.2521,-0.2708,0.9328,-29.96,-20.55,69.85,1.0035,78.73,0
1018421,-0.3041,-0.2345,0.8841,-36.69,-24.51,69.17,0.9639,82.04,0
1018431,-0.3455,-0.1789,0.8749,-36.10,-26.57,67.35,0.9575,80.90,0
1018441,-0.3600,-0.1687,0.8819,-41.48,-37.73,64.73,0.9674,85.64,0
1018451,-0.3535,-0.1371,0.9046,-50.93,-45.98,65.44,0.9808,94.82,0
1018461,-0.2925,-0.1210,0.9202,-57.91,-51.05,62.45,0.9731,99.29,0
1018471,-0.2295,-0.1668,0.9540,-64.68,-56.09,56.14,0.9953,102.38,0
1018481,-0.2295,-0.1957,0.9424,-78.45,-63.54,48.65,0.9895,112.07,0
1018491,-0.2151,-0.2360,0.8968,-80.94,-66.83,37.96,0.9520,111.62,0
1018501,-0.2134,-0.2689,0.8717,-77.19,-71.11,27.30,0.9369,108.45,0
1018511,-0.1966,-0.2691,0.8949,-76.99,-78.14,20.90,0.9550,111.67,0
1018521,-0.1880,-0.2917,0.9492,-81.36,-82.71,17.55,1.0106,117.33,0
1018531,-0.1852,-0.2965,0.9753,-83.61,-80.01,17.66,1.0361,117.06,0
1018541,-0.1597,-0.3431,0.9627,-78.74,-70.15,17.76,1.0344,106.94,0
1018551,-0.1702,-0.3834,0.9350,-78.19,-63.82,19.33,1.0248,102.76,0
1018561,-0.1855,-0.4022,0.8827,-75.95,-60.53,21.53,0.9876,99.48,0
1018571,-0.1653,-0.3901,0.8803,-70.39,-59.76,19.13,0.9769,94.30,0
1018581,-0.1321,-0.3859,0.8841,-59.91,-56.42,12.18,0.9737,83.19,0
1018591,-0.0923,-0.4259,0.9055,-56.36,-54.01,5.37,1.0050,78.25,0
1018601,-0.0900,-0.4439,0.9063,-58.69,-54.22,3.41,1.0132,79.97,0
1018611,-0.1101,-0.4457,0.8952,-68.82,-58.18,4.38,1.0061,90.22,0
1018621,-0.0997,-0.4909,0.9086,-77.38,-63.37,3.55,1.0375,100.08,0
1018631,-0.0746,-0.5038,0.9114,-81.71,-66.83,0.09,1.0440,105.56,0
1018641,-0.0634,-0.5318,0.9386,-76.58,-63.77,-2.75,1.0806,99.69,0
1018651,-0.0557,-0.5543,0.9349,-68.42,-54.78,-3.56,1.0883,87.71,0
1018661,-0.0401,-0.5556,0.8696,-57.12,-42.02,-3.25,1.0327,70.98,0
1018671,-0.0322,-0.5514,0.8523,-45.51,-33.15,-4.63,1.0156,56.49,0
1018681,-0.0316,-0.5521,0.8541,-35.77,-26.65,-6.62,1.0175,45.10,0
1018691,-0.0515,-0.5456,0.8634,-29.09,-22.11,-8.54,1.0227,37.52,0
1018701,-0.0435,-0.5420,0.8702,-23.35,-17.88,-9.84,1.0261,31.00,0
1018711,-0.0087,-0.5428,0.8883,-17.32,-14.82,-9.77,1.0411,24.80,0
1018721,-0.0009,-0.5375,0.9012,-17.61,-14.93,-10.53,1.0493,25.37,0
1018731,-0.0107,-0.5208,0.8757,-21.84,-16.39,-12.63,1.0189,30.08,0
1018741,-0.0200,-0.5215,0.8664,-26.22,-19.19,-16.81,1.0114,36.58,0
1018751,-0.0126,-0.5345,0.8517,-28.46,-20.03,-20.69,1.0056,40.49,0
1018761,-0.0029,-0.5544,0.8668,-27.93,-18.63,-22.86,1.0289,40.62,0
1018771,-0.0116,-0.5694,0.8422,-26.90,-15.76,-22.27,1.0167,38.31,0
1018781,-0.0061,-0.5776,0.8424,-28.20,-13.09,-20.01,1.0214,36.97,0
1018791,0.0096,-0.6003,0.8433,-23.31,-7.63,-17.23,1.0352,29.97,0
1018801,0.0160,-0.5983,0.8454,-15.84,-2.94,-13.32,1.0358,20.90,0
1018811,0.0174,-0.5878,0.8668,-13.76,-2.82,-11.39,1.0474,18.09,0
1018821,0.0245,-0.5786,0.8745,-13.64,-3.19,-10.68,1.0489,17.61,0
1018831,0.0239,-0.5682,0.8632,-19.48,-6.60,-10.99,1.0337,23.32,0
1018841,0.0131,-0.5595,0.8596,-25.31,-9.75,-12.20,1.0257,29.73,0
1018851,0.0001,-0.5756,0.8591,-29.41,-11.73,-14.23,1.0342,34.71,0
1018861,0.0198,-0.5850,0.8568,-27.09,-8.86,-13.13,1.0377,31.38,0
1018871,0.0259,-0.5835,0.8568,-26.23,-6.39,-12.55,1.0369,29.77,0
1018881,0.0182,-0.5963,0.8422,-25.88,-4.17,-11.86,1.0321,28.77,0
1018891,0.0040,-0.6008,0.8354,-24.86,-3.17,-9.91,1.0290,26.95,0
1018901,0.0051,-0.5984,0.8196,-24.19,-3.19,-6.81,1.0148,25.34,0
1018911,0.0080,-0.6009,0.8134,-28.12,-7.70,-4.27,1.0113,29.47,0
1018921,0.0065,-0.5960,0.8083,-33.96,-12.86,-2.26,1.0043,36.38,0
1018931,0.0166,-0.5871,0.8070,-36.00,-14.88,-2.03,0.9981,39.00,0
1018941,-0.0051,-0.5856,0.7735,-38.46,-16.77,-3.54,0.9701,42.10,0
1018951,-0.0032,-0.5942,0.7742,-42.60,-19.79,-4.06,0.9760,47.14,0
1018961,0.0266,-0.6089,0.7757,-40.49,-19.66,-3.41,0.9865,45.14,0
1018971,0.0426,-0.6246,0.8091,-37.55,-18.55,-1.81,1.0230,41.92,0
1018981,0.0527,-0.6225,0.8124,-36.72,-17.39,-0.46,1.0249,40.63,0
1018991,0.0459,-0.6182,0.8179,-38.04,-17.84,0.42,1.0263,42.01,0
1019001,0.0302,-0.6006,0.8110,-40.86,-20.87,0.04,1.0096,45.88,0
1019011,0.0229,-0.6240,0.8012,-48.89,-26.32,-1.00,1.0158,55.53,0
1019021,0.0491,-0.6342,0.7857,-53.53,-34.92,-0.45,1.0109,63.92,0
1019031,0.0528,-0.6430,0.7813,-60.66,-38.26,0.88,1.0132,71.72,0
1019041,0.0589,-0.6398,0.7848,-64.05,-40.85,4.04,1.0143,76.08,0
1019051,0.0621,-0.6361,0.7964,-68.99,-43.84,7.62,1.0212,82.09,0
1019061,0.0725,-0.6319,0.8180,-77.68,-46.66,11.03,1.0361,91.29,0
1019071,0.0909,-0.6247,0.8160,-89.50,-49.51,14.26,1.0316,103.27,0
1019081,0.0896,-0.6313,0.8276,-107.18,-57.82,17.94,1.0448,123.09,0
1019091,0.1089,-0.6441,0.8135,-131.83,-69.43,22.24,1.0433,150.65,0
1019101,0.1026,-0.6803,0.7596,-159.22,-81.93,24.85,1.0249,180.77,0
1019111,0.1259,-0.7257,0.7003,-183.03,-94.25,28.62,1.0164,207.85,0
1019121,0.1445,-0.7913,0.6864,-203.71,-107.76,33.75,1.0574,232.91,0
1019131,0.1017,-0.7779,0.6341,-216.32,-113.38,40.13,1.0088,247.51,0
1019141,0.1171,-0.8164,0.5638,-211.88,-110.73,42.04,0.9990,242.74,0
1019151,0.1192,-0.8346,0.5431,-206.82,-111.59,43.72,1.0028,239.04,0
1019161,0.1072,-0.8611,0.5332,-198.56,-111.21,43.31,1.0185,231.67,0
1019171,0.0958,-0.8427,0.5091,-188.48,-102.71,44.35,0.9892,219.18,0
1019181,0.0936,-0.8585,0.4351,-170.00,-87.19,41.71,0.9670,195.56,0
1019191,0.0684,-0.8742,0.3936,-156.58,-80.89,42.67,0.9612,181.33,0
1019201,0.0215,-0.8502,0.3495,-157.33,-85.10,49.05,0.9195,185.48,0
1019211,-0.0503,-0.8332,0.2551,-161.24,-89.29,54.16,0.8729,192.10,0
1019221,-0.0380,-0.8793,0.2005,-170.07,-98.63,58.13,0.9027,205.02,0
1019231,0.0518,-0.9330,0.1824,-169.07,-100.26,61.07,0.9521,205.83,0
1019241,0.1004,-0.9471,0.1620,-165.45,-97.48,65.05,0.9660,202.75,0
1019251,0.0876,-0.9604,0.1368,-161.79,-92.21,65.34,0.9740,197.35,0
1019261,0.0563,-0.9884,0.0994,-153.17,-85.23,62.50,0.9949,186.10,0
1019271,0.0258,-0.9660,0.0863,-141.02,-83.84,60.38,0.9702,174.82,0
1019281,-0.0046,-0.9555,0.0944,-142.93,-83.40,59.52,0.9601,175.86,0
1019291,-0.0225,-0.9493,0.0612,-144.23,-84.60,58.48,0.9515,177.14,0
1019301,-0.0338,-0.9608,0.0609,-144.97,-86.28,56.52,0.9634,177.92,0
1019311,-0.0027,-0.9704,0.0371,-132.77,-78.62,52.68,0.9711,163.05,0
1019321,0.0555,-1.0162,0.0162,-112.60,-64.55,47.67,1.0178,138.27,0
1019331,0.1372,-1.0574,0.0170,-99.97,-48.69,43.60,1.0664,119.44,0
1019341,0.1385,-1.0838,0.0024,-83.19,-28.53,40.08,1.0927,96.64,0
1019351,0.0882,-1.0758,-0.0346,-66.42,-9.34,37.58,1.0800,76.89,0
1019361,0.0584,-1.0848,-0.0393,-55.28,2.75,34.55,1.0871,65.25,0
1019371,0.0221,-1.0975,-0.0616,-48.97,7.69,33.48,1.0995,59.82,0
1019381,0.0134,-1.0907,-0.0414,-42.59,9.87,37.23,1.0915,57.42,0
1019391,-0.0032,-1.0664,-0.0599,-34.83,13.91,40.90,1.0681,55.49,0
1019401,-0.0268,-1.0554,-0.1470,-25.08,19.67,39.39,1.0659,50.67,0
1019411,-0.0171,-1.0704,-0.1372,-8.17,26.22,24.65,1.0793,36.90,0
1019421,0.0270,-1.0696,-0.0724,9.05,23.86,20.85,1.0724,32.95,0
1019431,0.0317,-1.0579,-0.0569,6.63,24.74,19.64,1.0599,32.28,0
1019441,0.0058,-1.0303,-0.0885,-0.48,23.60,17.53,1.0341,29.40,0
1019451,-0.0167,-1.0325,-0.0676,-13.77,15.37,13.97,1.0348,24.93,0
1019461,-0.0027,-1.0358,-0.0163,-24.83,8.04,13.05,1.0359,29.18,0
1019471,0.0081,-1.0371,-0.0018,-34.10,5.88,14.29,1.0372,37.44,0
1019481,0.0097,-1.0431,-0.0223,-39.95,6.77,16.16,1.0434,43.63,0
1019491,-0.0188,-1.0255,-0.0388,-44.77,5.45,17.40,1.0264,48.34,0
1019501,-0.0336,-1.0007,-0.0364,-50.31,2.22,16.21,1.0019,52.91,0
1019511,-0.0060,-1.0255,-0.0600,-53.66,1.79,14.28,1.0273,55.55,0
1019521,0.0136,-1.0531,-0.0729,-52.79,-0.46,16.88,1.0557,55.42,0
1019531,-0.0203,-1.0183,-0.0865,-57.02,-6.20,20.35,1.0222,60.86,0
1019541,-0.0555,-0.9911,-0.0976,-63.26,-11.78,20.93,0.9974,67.67,0
1019551,-0.0407,-1.0018,-0.0892,-65.77,-15.13,19.75,1.0066,70.32,0
1019561,-0.0258,-1.0023,-0.0779,-69.50,-16.54,22.43,1.0056,74.88,0
1019571,-0.0296,-0.9901,-0.0991,-76.59,-17.73,26.75,0.9954,83.04,0
1019581,-0.0457,-0.9919,-0.1209,-78.14,-18.08,29.24,1.0003,85.37,0
1019591,-0.0665,-0.9910,-0.1889,-74.67,-17.13,30.12,1.0111,82.32,0
1019601,-0.1135,-0.9554,-0.2106,-68.37,-15.65,27.11,0.9849,75.20,0
1019611,-0.1141,-0.9555,-0.2139,-68.01,-22.87,23.34,0.9858,75.46,0
1019621,-0.0821,-0.9865,-0.2076,-69.20,-26.59,21.54,1.0114,77.20,0
1019631,-0.0715,-0.9924,-0.1957,-68.77,-29.15,24.43,1.0140,78.58,0
1019641,-0.0707,-0.9874,-0.2006,-69.77,-30.10,27.50,1.0101,80.81,0
1019651,-0.0799,-0.9877,-0.2028,-70.11,-29.41,31.37,1.0115,82.24,0
1019661,-0.1074,-0.9658,-0.2414,-75.50,-30.31,34.96,1.0013,88.54,0
1019671,-0.1234,-0.9705,-0.2727,-79.23,-31.40,34.86,1.0156,92.08,0
1019681,-0.1253,-0.9834,-0.3022,-76.43,-30.94,34.58,1.0363,89.41,0
1019691,-0.1376,-0.9745,-0.3041,-72.13,-32.49,37.35,1.0301,87.48,0
1019701,-0.1572,-0.9315,-0.2832,-75.09,-39.01,38.96,0.9862,93.16,0
1019711,-0.1443,-0.9332,-0.2714,-80.67,-40.62,38.09,0.9825,98.02,0
1019721,-0.1184,-0.9480,-0.3154,-83.23,-41.75,38.10,1.0061,100.61,0
1019731,-0.1588,-0.9438,-0.3600,-96.25,-48.76,39.87,1.0225,115.03,0
1019741,-0.2254,-0.9116,-0.4167,-105.78,-55.62,37.81,1.0274,125.35,0
1019751,-0.2395,-0.9166,-0.3826,-96.31,-52.58,33.71,1.0218,114.79,0
1019761,-0.2159,-0.9033,-0.4126,-74.11,-41.20,31.58,1.0163,90.48,0
1019771,-0.2162,-0.9062,-0.4264,-66.31,-39.66,30.44,1.0246,83.05,0
1019781,-0.2478,-0.8696,-0.4618,-69.62,-46.88,30.67,1.0153,89.36,0
1019791,-0.2632,-0.8713,-0.4019,-82.02,-58.08,29.98,0.9950,104.88,0
1019801,-0.2177,-0.8888,-0.3873,-76.80,-44.64,34.55,0.9936,95.32,0
1019811,-0.2365,-0.8824,-0.4169,-45.45,-36.49,34.83,1.0042,67.90,0
1019821,-0.2954,-0.8799,-0.4436,-38.38,-30.82,32.18,1.0288,58.81,0
1019831,-0.3092,-0.8722,-0.4392,-32.89,-25.65,28.82,1.0243,50.70,0
1019841,-0.2599,-0.9095,-0.4026,-21.50,-16.00,27.19,1.0280,38.18,0
1019851,-0.2412,-0.9203,-0.4258,-4.94,-5.90,27.43,1.0423,28.49,0
1019861,-0.3068,-0.8870,-0.4909,-1.82,-3.49,27.10,1.0592,27.38,0
1019871,-0.3658,-0.8582,-0.5037,-3.05,-10.02,15.76,1.0601,18.92,0
1019881,-0.3426,-0.8788,-0.4858,23.76,2.51,9.72,1.0609,25.79,0
1019891,-0.2937,-0.8907,-0.4876,42.95,16.09,2.55,1.0571,45.94,0
1019901,-0.2911,-0.9098,-0.4884,56.95,27.91,-7.69,1.0728,63.88,0
1019911,-0.2653,-0.9623,-0.4994,68.27,41.04,-17.00,1.1161,81.45,0
1019921,-0.2399,-0.9989,-0.4890,86.86,52.75,-22.69,1.1377,104.13,0
1019931,-0.2143,-1.0313,-0.4387,104.76,63.81,-23.60,1.1411,124.91,0
1019941,-0.1867,-1.0302,-0.4184,119.67,76.75,-25.16,1.1275,144.37,0
1019951,-0.1626,-1.0532,-0.4100,134.63,89.56,-30.60,1.1418,164.56,0
1019961,-0.1634,-1.0599,-0.4351,148.22,101.69,-36.74,1.1574,183.46,0
1019971,-0.1760,-1.0968,-0.4700,164.05,113.39,-41.88,1.2061,203.77,0
1019981,-0.2196,-1.0949,-0.4437,189.67,122.88,-42.47,1.2017,229.95,0
1019991,-0.2024,-1.0148,-0.3782,213.57,130.38,-42.27,1.1017,253.77,0
1020001,-0.1899,-1.0180,-0.3639,250.93,148.67,-48.45,1.0977,295.66,0
1020011,-0.2150,-1.0271,-0.3538,268.05,156.48,-57.16,1.1074,315.60,0
1020021,-0.2484,-1.0119,-0.3066,284.19,164.15,-68.10,1.0862,335.18,0
1020031,-0.2164,-1.0315,-0.2500,286.69,173.70,-83.94,1.0832,345.55,0
1020041,-0.1367,-1.1273,-0.2370,286.69,187.16,-97.84,1.1600,356.08,0
1020051,-0.1145,-1.1368,-0.1970,286.69,202.50,-105.19,1.1594,366.42,0
1020061,-0.1081,-1.0039,-0.0866,286.69,211.82,-109.84,1.0134,372.99,0
1020071,-0.0680,-0.9079,0.0573,286.69,213.94,-112.60,0.9122,375.01,0
1020081,-0.0718,-0.8486,0.1712,286.69,214.62,-110.55,0.8687,374.79,0
1020091,-0.1275,-0.7243,0.2692,286.69,209.97,-106.11,0.7832,370.86,0
1020101,-0.1765,-0.5819,0.4134,286.69,196.74,-102.75,0.7353,362.57,0
1020111,-0.1557,-0.5348,0.5516,286.69,186.43,-103.33,0.7839,357.24,0
1020121,-0.1242,-0.5672,0.6241,286.69,179.56,-103.78,0.8524,353.84,0
1020131,-0.1279,-0.5992,0.6185,286.69,170.61,-100.28,0.8706,348.35,0
1020141,-0.1090,-0.6739,0.6005,285.55,161.64,-94.95,0.9092,341.58,0
1020151,-0.0812,-0.7383,0.6181,280.91,153.13,-87.66,0.9663,331.73,0
1020161,-0.0261,-0.7343,0.6280,272.42,142.33,-79.07,0.9665,317.37,0
1020171,-0.0585,-0.6306,0.6999,251.45,123.31,-72.72,0.9439,289.34,0
1020181,-0.0438,-0.5139,0.8863,231.62,112.03,-69.16,1.0255,266.42,0
1020191,-0.1106,-0.4739,0.8312,213.33,94.75,-56.80,0.9632,240.24,0
1020201,-0.1882,-0.4309,0.8254,142.72,75.51,-47.21,0.9500,168.23,0
1020211,-0.2095,-0.4323,0.8547,105.43,58.79,-41.54,0.9805,127.66,0
1020221,-0.1385,-0.5008,0.8704,94.02,53.00,-39.29,1.0137,114.86,0
1020231,-0.0936,-0.5495,0.8448,95.78,51.38,-38.72,1.0121,115.38,0
1020241,-0.0101,-0.5645,0.8762,99.69,47.91,-37.25,1.0423,116.71,0
1020251,0.0034,-0.5342,0.9001,99.12,46.03,-35.21,1.0467,114.82,0
1020261,-0.0021,-0.5784,0.8533,87.54,47.45,-34.98,1.0309,105.54,0
1020271,-0.0587,-0.6145,0.8416,89.36,45.87,-29.13,1.0437,104.58,0
1020281,-0.0549,-0.5674,0.8450,100.97,46.52,-17.96,1.0194,112.61,0
1020291,-0.0756,-0.5134,0.8766,102.52,44.47,-13.49,1.0187,112.56,0
1020301,-0.0942,-0.4537,0.8877,96.05,42.32,-11.67,1.0014,105.61,0
1020311,-0.1140,-0.4836,0.9023,85.32,38.94,-12.57,1.0301,94.62,0
1020321,-0.1579,-0.4831,0.8966,84.90,36.67,-10.74,1.0306,93.10,0
1020331,-0.1554,-0.4547,0.9037,90.91,36.66,-8.09,1.0235,98.36,0
1020341,-0.1153,-0.3723,0.9495,87.56,33.85,-8.63,1.0264,94.27,0
1020351,-0.1381,-0.3707,1.0104,72.67,28.93,-10.39,1.0850,78.90,0
1020361,-0.1329,-0.4088,1.0050,63.18,25.22,-7.43,1.0931,68.43,0
1020371,-0.0888,-0.3987,1.0198,42.76,14.80,3.98,1.0986,45.42,0
1020381,-0.0990,-0.3998,0.9835,8.39,2.81,18.38,1.0662,20.40,0
1020391,-0.1114,-0.4516,0.9435,-31.65,-8.77,16.43,1.0519,36.72,0
1020401,-0.0952,-0.5205,0.9095,-28.21,-3.09,18.38,1.0522,33.81,0
1020411,-0.1267,-0.5310,0.8811,-21.46,-3.77,26.52,1.0365,34.32,0
1020421,-0.1353,-0.5309,0.8582,-27.79,-12.93,38.28,1.0181,49.04,0
1020431,-0.1683,-0.4483,0.8705,-30.13,-17.89,48.69,0.9935,59.99,0
1020441,-0.1573,-0.4400,0.8790,-31.23,-18.17,51.94,0.9954,63.27,0
1020451,-0.1551,-0.4820,0.9040,-35.75,-21.05,57.78,1.0361,71.13,0
1020461,-0.1571,-0.4323,0.8840,-36.79,-24.83,65.64,0.9965,79.24,0
1020471,-0.1442,-0.4672,0.8774,-41.82,-26.01,67.50,1.0044,83.55,0
1020481,-0.1140,-0.4712,0.9332,-43.65,-31.06,69.46,1.0516,87.72,0
1020491,-0.1076,-0.4551,0.9188,-57.84,-37.65,71.64,1.0310,99.47,0
1020501,-0.1142,-0.4748,0.9046,-69.81,-41.21,74.08,1.0280,109.81,0
1020511,-0.1465,-0.4720,0.8724,-82.11,-47.13,76.99,1.0026,122.03,0
1020521,-0.1493,-0.4656,0.8833,-92.77,-53.18,76.48,1.0097,131.46,0
1020531,-0.1603,-0.4472,0.8916,-108.53,-61.95,78.19,1.0102,147.41,0
1020541,-0.1879,-0.4106,0.8904,-136.12,-76.55,80.65,0.9984,175.76,0
1020551,-0.1978,-0.4118,0.8725,-171.69,-92.79,81.19,0.9849,211.38,0
1020561,-0.1726,-0.4697,0.8133,-196.32,-104.06,77.28,0.9550,235.25,0
1020571,-0.0809,-0.5908,0.7779,-202.87,-107.60,71.92,0.9801,240.63,0
1020581,-0.1020,-0.6458,0.6930,-178.09,-92.40,57.41,0.9527,208.68,0
1020591,-0.1226,-0.6945,0.6395,-164.89,-88.87,52.98,0.9520,194.66,0
1020601,-0.0972,-0.7280,0.6351,-154.08,-90.05,51.20,0.9710,185.66,0
1020611,-0.0891,-0.7792,0.6725,-141.58,-89.40,47.50,1.0331,174.05,0
1020621,-0.1161,-0.8088,0.5909,-127.16,-83.27,47.10,1.0084,159.13,0
1020631,-0.1471,-0.7842,0.5842,-118.36,-87.32,48.34,0.9889,154.82,0
1020641,-0.1266,-0.7553,0.6291,-111.02,-90.90,44.74,0.9911,150.30,0
1020651,-0.0481,-0.7498,0.6527,-101.16,-85.50,38.91,0.9952,138.05,0
1020661,-0.0259,-0.7800,0.6517,-90.93,-74.17,31.35,1.0168,121.46,0
1020671,-0.0292,-0.7967,0.6266,-76.56,-60.94,25.49,1.0140,101.12,0
1020681,-0.0437,-0.7874,0.6000,-68.48,-53.71,21.65,0.9910,89.68,0
1020691,-0.0631,-0.7729,0.6225,-68.25,-54.02,19.06,0.9944,89.10,0
1020701,-0.0685,-0.7530,0.6169,-75.28,-54.48,16.50,0.9759,94.38,0
1020711,-0.0269,-0.7913,0.6414,-79.06,-50.02,13.08,1.0190,94.46,0
1020721,-0.0493,-0.8220,0.5916,-73.18,-41.97,9.89,1.0139,84.94,0
1020731,-0.0829,-0.8450,0.5353,-63.28,-35.18,7.63,1.0037,72.80,0
1020741,-0.0385,-0.8760,0.5477,-49.04,-28.70,6.22,1.0338,57.16,0
1020751,-0.0218,-0.8854,0.5541,-34.81,-22.28,3.89,1.0447,41.51,0
1020761,-0.0115,-0.9085,0.6096,-25.73,-15.02,1.77,1.0941,29.85,0
1020771,-0.0316,-0.8738,0.5797,-15.29,-7.66,-3.12,1.0490,17.38,0
1020781,-0.0455,-0.8669,0.5830,-8.30,-5.89,-7.55,1.0457,12.67,0
1020791,-0.0412,-0.8566,0.5694,-5.50,-3.97,-12.15,1.0294,13.91,0
1020801,-0.0434,-0.8681,0.5539,-5.13,-4.13,-17.78,1.0307,18.96,0
1020811,-0.0336,-0.8877,0.5366,-1.79,-2.04,-20.03,1.0379,20.21,0
1020821,-0.0141,-0.9007,0.5511,2.58,-0.21,-18.41,1.0561,18.59,0
1020831,-0.0156,-0.8894,0.5352,9.20,3.38,-16.37,1.0382,19.08,0
1020841,-0.0297,-0.8924,0.5352,16.07,5.56,-15.93,1.0410,23.29,0
1020851,-0.0496,-0.8641,0.5250,23.25,6.73,-15.48,1.0123,28.73,0
1020861,-0.0413,-0.8400,0.5423,26.41,4.19,-15.47,1.0007,30.89,0
1020871,-0.0273,-0.8161,0.5715,24.28,1.50,-14.76,0.9967,28.46,0
1020881,-0.0247,-0.8247,0.5722,21.42,1.58,-14.24,1.0041,25.77,0
1020891,-0.0328,-0.8365,0.5584,19.26,2.27,-12.86,1.0063,23.27,0
1020901,-0.0299,-0.8416,0.5566,19.50,2.42,-11.94,1.0095,22.99,0
1020911,-0.0356,-0.8386,0.5687,19.79,1.33,-11.52,1.0139,22.94,0
1020921,-0.0230,-0.8288,0.5902,19.22,0.41,-10.99,1.0177,22.14,0
1020931,-0.0055,-0.8341,0.6101,19.08,1.96,-10.77,1.0335,21.99,0
1020941,-0.0047,-0.8405,0.5964,20.17,3.86,-11.40,1.0307,23.49,0
1020951,-0.0146,-0.8396,0.5938,20.13,3.79,-12.77,1.0284,24.14,0
1020961,-0.0070,-0.8252,0.5976,22.15,3.97,-14.68,1.0189,26.87,0
1020971,0.0064,-0.8285,0.6041,24.01,3.20,-16.19,1.0254,29.13,0
1020981,0.0015,-0.8282,0.6097,22.68,2.36,-14.20,1.0285,26.86,0
1020991,0.0166,-0.8249,0.6191,22.18,3.99,-11.24,1.0315,25.18,0
1021001,0.0185,-0.8178,0.6243,21.65,5.35,-10.16,1.0290,24.50,0
1021011,0.0133,-0.8139,0.6253,21.37,4.49,-11.44,1.0265,24.65,0
1021021,0.0151,-0.8125,0.6367,19.28,1.93,-13.05,1.0324,23.36,0
1021031,0.0141,-0.8084,0.6319,17.24,0.23,-13.90,1.0262,22.15,0
1021041,0.0093,-0.8142,0.6142,16.84,0.53,-13.81,1.0199,21.78,0
1021051,-0.0024,-0.8174,0.5980,20.35,2.06,-13.31,1.0128,24.40,0
1021061,-0.0015,-0.8089,0.5959,25.31,3.35,-12.71,1.0048,28.51,0
1021071,0.0134,-0.7961,0.6115,27.02,3.40,-11.74,1.0040,29.66,0
1021081,0.0324,-0.7969,0.6417,24.81,2.70,-10.64,1.0237,27.13,0
1021091,0.0302,-0.7861,0.6632,22.38,2.84,-9.05,1.0290,24.31,0
1021101,0.0125,-0.7720,0.6536,18.98,2.33,-8.05,1.0116,20.75,0
1021111,0.0068,-0.7729,0.6594,12.86,0.04,-8.09,1.0160,15.20,0
1021121,0.0126,-0.7808,0.6594,8.47,-1.79,-8.26,1.0221,11.96,0
1021131,0.0098,-0.7939,0.6405,6.17,-2.74,-8.64,1.0202,10.96,0
1021141,0.0007,-0.7947,0.6283,6.91,-3.73,-9.04,1.0131,11.97,0
1021151,0.0169,-0.7907,0.6440,9.63,-4.54,-10.54,1.0199,14.97,0
1021161,0.0328,-0.7861,0.6431,12.15,-4.00,-14.36,1.0162,19.23,0
1021171,0.0393,-0.7819,0.6544,16.20,-2.63,-14.42,1.0204,21.84,0
1021181,0.0462,-0.7732,0.6681,16.67,-1.40,-13.56,1.0229,21.53,0
1021191,0.0313,-0.7580,0.6631,14.30,-1.30,-11.66,1.0077,18.49,0
1021201,0.0270,-0.7475,0.6636,8.23,-2.88,-10.54,0.9999,13.67,0
1021211,0.0331,-0.7575,0.6736,3.79,-5.29,-10.89,1.0143,12.69,0
1021221,0.0440,-0.7675,0.6713,2.97,-6.52,-12.11,1.0207,14.07,0
1021231,0.0444,-0.7824,0.6702,3.33,-5.86,-12.20,1.0311,13.94,0
1021241,0.0399,-0.7839,0.6546,3.77,-5.65,-11.12,1.0220,13.03,0
1021251,0.0320,-0.7716,0.6414,3.68,-6.55,-10.75,1.0039,13.12,1
1021261,0.0445,-0.7742,0.6539,4.39,-8.00,-11.62,1.0144,14.77,1
1021271,0.0487,-0.7681,0.6722,3.22,-9.73,-12.50,1.0218,16.17,1
1021281,0.0664,-0.7564,0.6830,0.87,-9.63,-12.15,1.0213,15.53,1
1021291,0.0768,-0.7528,0.6879,-4.69,-10.27,-12.17,1.0227,16.60,1
1021301,0.0695,-0.7593,0.6768,-10.08,-11.58,-12.66,1.0195,19.90,1
1021311,0.0604,-0.7593,0.6607,-11.77,-12.78,-12.99,1.0083,21.69,1
1021321,0.0709,-0.7658,0.6566,-12.86,-13.81,-13.27,1.0112,23.07,1
1021331,0.0680,-0.7594,0.6504,-12.87,-15.31,-13.89,1.0022,24.35,1
1021341,0.0646,-0.7592,0.6667,-11.83,-16.07,-15.37,1.0124,25.19,1
1021351,0.0624,-0.7659,0.6734,-8.14,-14.98,-16.91,1.0217,24.01,1
1021361,0.0732,-0.7571,0.6760,-10.96,-13.64,-11.00,1.0175,20.67,1
1021371,0.0923,-0.7614,0.6792,-18.60,-15.92,-8.93,1.0245,26.06,1
1021381,0.1129,-0.7782,0.6710,-25.32,-17.35,-7.61,1.0337,31.63,1
1021391,0.1138,-0.7945,0.6587,-29.39,-18.88,-7.13,1.0383,35.65,1
1021401,0.1079,-0.8031,0.6395,-30.91,-20.36,-6.62,1.0323,37.60,1
1021411,0.0950,-0.7910,0.6260,-32.85,-22.12,-6.05,1.0132,40.06,1
1021421,0.0790,-0.7927,0.6255,-34.74,-23.31,-6.38,1.0128,42.32,1
1021431,0.0455,-0.7686,0.5888,-31.96,-25.19,-8.28,0.9692,41.52,1
1021441,0.0226,-0.7400,0.5732,-32.64,-28.54,-10.61,0.9363,44.64,1
1021451,0.0292,-0.7288,0.5962,-34.83,-31.33,-10.35,0.9420,47.98,1
1021461,0.0428,-0.7223,0.6079,-39.56,-33.36,-8.09,0.9450,52.37,1
1021471,0.0884,-0.7202,0.6375,-46.76,-36.28,-6.95,0.9658,59.59,1
1021481,0.1215,-0.7286,0.6492,-57.23,-39.80,-6.83,0.9834,70.04,1
1021491,0.1265,-0.7431,0.6396,-69.54,-43.65,-6.62,0.9886,82.36,1
1021501,0.1618,-0.7699,0.6136,-79.70,-46.67,-5.96,0.9977,92.55,1
1021511,0.1808,-0.8021,0.5981,-89.03,-53.69,-6.38,1.0167,104.16,1
1021521,0.1865,-0.7997,0.6228,-96.74,-60.09,-6.04,1.0306,114.04,1
1021531,0.1637,-0.7920,0.6268,-104.97,-58.97,-1.72,1.0232,120.41,1
1021541,0.0930,-0.7940,0.5394,-115.54,-58.46,1.62,0.9644,129.49,1
1021551,0.0524,-0.7710,0.4758,-122.05,-54.18,6.05,0.9075,133.68,1
1021561,0.0757,-0.8005,0.4581,-133.66,-58.26,4.83,0.9254,145.88,1
1021571,0.1285,-0.8335,0.4251,-140.06,-61.40,3.33,0.9444,152.96,1
1021581,0.1874,-0.8865,0.3959,-145.96,-65.03,5.02,0.9888,159.87,1
1021591,0.1993,-0.8963,0.3842,-155.31,-70.68,11.01,0.9953,170.99,1
1021601,0.1746,-0.8780,0.3486,-164.70,-73.96,13.80,0.9607,181.07,1
1021611,0.1378,-0.8741,0.2817,-171.09,-75.36,12.88,0.9286,187.39,1
1021621,0.1064,-0.8862,0.2229,-175.17,-77.81,12.22,0.9200,192.06,1
1021631,0.0767,-0.8743,0.1845,-171.82,-80.36,10.93,0.8969,190.00,1
1021641,0.0415,-0.8527,0.1541,-175.33,-85.23,11.84,0.8675,195.31,1
1021651,0.0268,-0.8326,0.1403,-176.72,-88.57,14.18,0.8448,198.18,1
1021661,0.0373,-0.8277,0.1361,-182.45,-93.20,18.75,0.8397,205.73,1
1021671,0.1350,-0.8422,0.1689,-198.43,-103.32,28.43,0.8695,225.52,1
1021681,0.2515,-0.8670,0.1600,-219.17,-109.50,40.91,0.9168,248.39,1
1021691,0.2752,-0.8897,0.0995,-235.34,-107.72,49.46,0.9366,263.51,1
1021701,0.2274,-0.9189,0.0152,-240.84,-99.70,50.33,0.9467,265.48,1
1021711,0.1794,-0.9445,-0.0587,-237.23,-89.63,48.18,0.9632,258.13,1
1021721,0.1553,-0.9466,-0.1190,-233.17,-84.45,46.90,0.9666,252.39,1
1021731,0.1305,-0.9432,-0.1851,-231.35,-84.70,46.29,0.9700,250.68,1
1021741,0.1290,-0.9627,-0.2335,-232.70,-87.09,50.09,0.9990,253.46,1
1021751,0.1331,-1.0163,-0.3255,-226.19,-83.38,53.59,1.0754,246.95,1
1021761,0.1614,-1.0307,-0.3920,-215.29,-73.76,57.85,1.1145,234.81,1
1021771,0.1480,-1.0563,-0.4248,-207.23,-65.48,59.45,1.1482,225.31,1
1021781,0.0852,-1.0367,-0.4863,-191.49,-53.87,62.23,1.1483,208.43,1
1021791,0.0146,-1.0049,-0.5339,-173.25,-47.57,62.12,1.1380,190.10,1
1021801,-0.0218,-0.9740,-0.5628,-160.28,-41.37,59.10,1.1252,175.77,1
1021811,-0.0377,-0.9652,-0.5941,-146.01,-36.16,54.80,1.1341,160.09,1
1021821,-0.0586,-0.9201,-0.6052,-132.76,-36.07,51.50,1.1028,146.89,1
1021831,-0.0834,-0.9101,-0.6117,-129.16,-35.48,47.57,1.0997,142.14,1
1021841,-0.0785,-0.8980,-0.6333,-121.63,-33.85,42.72,1.1016,133.29,1
1021851,-0.0630,-0.8813,-0.6199,-116.89,-32.66,38.89,1.0793,127.44,1
1021861,-0.0035,-0.8930,-0.6289,-113.09,-31.30,35.94,1.0923,122.72,1
1021871,0.0369,-0.9323,-0.6286,-99.27,-26.93,35.07,1.1251,108.67,1
1021881,0.0120,-0.9380,-0.6353,-80.40,-18.24,35.33,1.1330,89.70,1
1021891,-0.0223,-0.9049,-0.6450,-62.27,-9.31,33.80,1.1115,71.46,1
1021901,-0.0393,-0.8780,-0.6309,-47.45,-2.13,29.86,1.0819,56.10,1
1021911,-0.0401,-0.8647,-0.6270,-33.52,4.12,25.20,1.0689,42.14,1
1021921,-0.0402,-0.8690,-0.6284,-20.84,9.00,20.49,1.0732,30.58,1
1021931,-0.0037,-0.8847,-0.5923,-8.74,14.03,16.90,1.0647,23.64,1
1021941,0.0087,-0.8699,-0.5845,2.42,23.17,12.18,1.0481,26.29,1
1021951,0.0232,-0.8672,-0.5717,21.69,26.62,7.52,1.0390,35.15,1
1021961,0.0231,-0.8718,-0.5633,27.95,29.09,1.75,1.0382,40.37,1
1021971,0.0233,-0.8779,-0.5601,34.68,31.78,-3.68,1.0416,47.18,1
1021981,0.0299,-0.8779,-0.5447,39.54,32.94,-7.59,1.0336,52.02,1
1021991,0.0395,-0.8746,-0.5234,39.26,31.86,-9.23,1.0200,51.40,1
1022001,0.0447,-0.8688,-0.5089,36.30,29.95,-10.41,1.0079,48.20,1
1022011,0.0431,-0.8688,-0.4889,33.30,28.66,-11.93,0.9979,45.52,1
1022021,0.0439,-0.8688,-0.4802,33.85,30.04,-13.86,0.9937,47.33,1
1022031,0.0420,-0.8732,-0.4766,35.47,31.81,-15.27,0.9956,50.03,1
1022041,0.0370,-0.8721,-0.4797,32.86,31.39,-14.83,0.9960,47.80,1
1022051,0.0300,-0.8702,-0.4854,27.64,28.82,-13.05,0.9968,42.01,1
1022061,0.0377,-0.8844,-0.4939,22.88,25.70,-10.88,1.0137,36.09,1
1022071,0.0417,-0.8913,-0.4944,19.44,22.54,-7.90,1.0201,30.80,1
1022081,0.0382,-0.8914,-0.4968,16.18,20.22,-5.11,1.0212,26.40,1
1022091,0.0301,-0.8885,-0.5073,14.00,18.87,-3.77,1.0236,23.79,1
1022101,0.0254,-0.8935,-0.5112,13.48,18.13,-3.64,1.0297,22.89,1
1022111,0.0183,-0.8977,-0.5135,14.12,17.30,-4.20,1.0343,22.72,1
1022121,0.0120,-0.8873,-0.4981,16.70,16.63,-4.78,1.0176,24.05,1
1022131,0.0108,-0.8614,-0.4972,20.31,16.76,-5.64,0.9946,26.93,1
1022141,0.0010,-0.8508,-0.5085,19.32,15.21,-5.35,0.9912,25.16,1
1022151,0.0052,-0.8582,-0.5089,17.51,13.27,-5.45,0.9977,22.64,1
1022161,0.0152,-0.8676,-0.5033,15.51,11.38,-4.50,1.0031,19.76,1
1022171,0.0149,-0.8665,-0.5084,11.37,8.99,-3.10,1.0047,14.82,1
1022181,0.0171,-0.8770,-0.5077,8.75,6.69,-2.82,1.0135,11.37,1
1022191,0.0266,-0.8829,-0.4964,9.20,5.46,-3.11,1.0132,11.14,1
1022201,0.0395,-0.8799,-0.4762,9.50,4.74,-3.81,1.0012,11.28,1
1022211,0.0487,-0.8791,-0.4620,9.44,5.33,-4.58,0.9943,11.77,1
1022221,0.0445,-0.8810,-0.4702,10.33,6.69,-5.53,0.9996,13.50,1
1022231,0.0504,-0.8879,-0.4631,12.66,7.53,-6.46,1.0027,16.08,1
1022241,0.0607,-0.8859,-0.4527,13.33,7.72,-6.25,0.9967,16.62,1
1022251,0.0622,-0.8800,-0.4542,10.70,6.96,-5.41,0.9922,13.86,1
1022261,0.0603,-0.8884,-0.4559,6.88,5.47,-4.60,1.0004,9.92,1
1022271,0.0616,-0.8969,-0.4584,3.61,4.06,-3.88,1.0091,6.68,1
1022281,0.0604,-0.8926,-0.4604,2.32,3.15,-3.46,1.0062,5.22,1
1022291,0.0577,-0.8847,-0.4564,1.96,2.39,-3.77,0.9972,4.88,1
1022301,0.0582,-0.8775,-0.4520,3.02,2.88,-4.87,0.9888,6.41,1
1022311,0.0606,-0.8771,-0.4506,4.45,3.77,-6.20,0.9879,8.51,1
1022321,0.0623,-0.8728,-0.4467,5.05,4.27,-6.85,0.9825,9.52,1
1022331,0.0626,-0.8772,-0.4511,5.82,6.13,-7.60,0.9884,11.37,1
1022341,0.0599,-0.8869,-0.4590,6.78,6.62,-7.15,1.0004,11.87,1
1022351,0.0535,-0.8882,-0.4627,5.41,5.75,-5.89,1.0029,9.85,1
1022361,0.0506,-0.8872,-0.4677,2.96,4.18,-3.96,1.0043,6.47,1
1022371,0.0476,-0.8841,-0.4673,0.09,2.20,-2.13,1.0011,3.06,1
1022381,0.0526,-0.8926,-0.4675,-2.47,0.96,-1.19,1.0089,2.90,1
1022391,0.0523,-0.9055,-0.4718,-2.28,1.23,-1.35,1.0224,2.91,1
1022401,0.0474,-0.9088,-0.4726,0.39,1.86,-2.39,1.0254,3.06,1
1022411,0.0475,-0.9006,-0.4659,2.83,2.07,-2.90,1.0151,4.54,1
1022421,0.0494,-0.8865,-0.4547,4.95,2.28,-3.81,0.9975,6.65,1
1022431,0.0601,-0.8850,-0.4444,7.48,3.60,-5.49,0.9921,9.95,1
1022441,0.0720,-0.8954,-0.4419,8.72,4.83,-4.91,1.0011,11.11,1
1022451,0.0692,-0.9020,-0.4578,4.75,3.37,-1.83,1.0139,6.10,1
1022461,0.0639,-0.8960,-0.4578,0.33,0.50,1.20,1.0082,1.34,1
1022471,0.0659,-0.8915,-0.4618,-0.75,-0.43,1.58,1.0061,1.81,1
1022481,0.0674,-0.8936,-0.4564,1.62,0.18,0.04,1.0057,1.63,1
1022491,0.0687,-0.8942,-0.4503,3.77,1.23,-1.14,1.0035,4.13,1
1022501,0.0642,-0.8920,-0.4488,4.86,1.98,-1.29,1.0006,5.40,1
1022511,0.0607,-0.9114,-0.4494,3.93,1.38,-0.11,1.0180,4.17,1
1022521,0.0695,-0.9245,-0.4530,1.24,-0.32,5.83,1.0318,5.97,1
1022531,0.0730,-0.9316,-0.4516,-3.61,-4.12,6.97,1.0378,8.87,1
1022541,0.0814,-0.9413,-0.4474,-2.07,-3.87,6.98,1.0454,8.25,1
1022551,0.0854,-0.9379,-0.4453,-0.52,-3.35,7.32,1.0417,8.06,1
1022561,0.0806,-0.9293,-0.4470,-1.54,-4.05,8.44,1.0344,9.48,1
1022571,0.0765,-0.9192,-0.4514,-2.70,-4.97,10.01,1.0269,11.50,1
1022581,0.0756,-0.9100,-0.4473,-3.36,-5.78,11.34,1.0168,13.16,1
1022591,0.0788,-0.9005,-0.4400,-3.92,-5.96,12.02,1.0054,13.98,1
1022601,0.0810,-0.8982,-0.4395,-3.42,-4.76,12.20,1.0032,13.53,1
1022611,0.0709,-0.8936,-0.4458,-2.32,-2.97,12.21,1.0011,12.77,1
1022621,0.0540,-0.8830,-0.4561,-1.85,-2.49,11.84,0.9953,12.24,1
1022631,0.0404,-0.8757,-0.4597,-2.16,-3.36,10.96,0.9899,11.66,1
1022641,0.0384,-0.8715,-0.4546,-2.59,-4.24,10.76,0.9837,11.85,1
1022651,0.0382,-0.8708,-0.4520,-4.94,-5.57,11.31,0.9819,13.54,1
1022661,0.0301,-0.8683,-0.4525,-7.30,-6.91,11.81,0.9796,15.51,1
1022671,0.0218,-0.8673,-0.4565,-8.46,-7.00,11.57,0.9803,15.95,1
1022681,0.0207,-0.8699,-0.4596,-7.53,-6.01,10.19,0.9840,14.02,1
1022691,0.0195,-0.8719,-0.4603,-5.70,-4.77,8.59,0.9862,11.36,1
1022701,0.0107,-0.8685,-0.4657,-4.03,-3.58,7.26,0.9856,9.05,1
1022711,-0.0024,-0.8465,-0.4586,-1.28,-2.70,5.35,0.9627,6.13,1
1022721,-0.0032,-0.8367,-0.4495,4.12,-0.74,0.36,0.9498,4.20,1
1022731,-0.0045,-0.8306,-0.4435,4.59,0.32,-1.31,0.9416,4.78,1
1022741,-0.0079,-0.8271,-0.4416,4.25,1.28,-2.31,0.9376,5.01,1
1022751,-0.0080,-0.8287,-0.4434,2.85,1.59,-3.00,0.9399,4.44,1
1022761,-0.0063,-0.8374,-0.4460,1.18,1.58,-3.67,0.9488,4.16,1
1022771,0.0030,-0.8584,-0.4511,0.23,1.74,-4.00,0.9697,4.37,1
1022781,0.0145,-0.8835,-0.4566,-1.56,1.43,-3.40,0.9946,4.00,1
1022791,0.0169,-0.9033,-0.4679,-3.33,0.71,-2.19,1.0174,4.04,1
1022801,0.0254,-0.9202,-0.4746,-2.73,0.37,-1.44,1.0357,3.11,1
1022811,0.0320,-0.9293,-0.4708,-0.50,0.18,-0.99,1.0423,1.12,1
1022821,0.0374,-0.9245,-0.4670,0.65,0.02,-0.53,1.0365,0.84,1
1022831,0.0394,-0.9171,-0.4610,1.37,0.27,-0.14,1.0272,1.41,1
1022841,0.0411,-0.9121,-0.4606,0.68,0.44,0.46,1.0227,0.93,1
1022851,0.0398,-0.9127,-0.4668,-0.03,0.39,0.97,1.0259,1.05,1
1022861,0.0409,-0.9160,-0.4699,-0.17,-0.06,1.89,1.0303,1.90,1
1022871,0.0440,-0.9171,-0.4701,-0.99,-1.05,3.65,1.0315,3.92,1
1022881,0.0420,-0.9092,-0.4718,-1.45,-1.78,5.22,1.0252,5.71,1
1022891,0.0396,-0.9018,-0.4720,-1.09,-2.28,5.78,1.0186,6.31,1
1022901,0.0354,-0.8859,-0.4642,-0.08,-2.55,6.00,1.0008,6.52,1
1022911,0.0261,-0.8806,-0.4591,0.01,-3.05,6.34,0.9934,7.04,1
1022921,0.0312,-0.8897,-0.4563,-1.16,-3.44,6.27,1.0004,7.24,1
1022931,0.0370,-0.9008,-0.4555,-1.82,-3.69,6.84,1.0101,7.99,1
1022941,0.0339,-0.9019,-0.4567,-3.12,-4.09,8.09,1.0115,9.59,1
1022951,0.0318,-0.9009,-0.4574,-3.71,-4.21,9.02,1.0109,10.62,1
1022961,0.0327,-0.9106,-0.4600,-4.41,-4.31,10.12,1.0207,11.85,1
1022971,0.0260,-0.9139,-0.4695,-6.28,-5.40,11.70,1.0278,14.33,1
1022981,0.0174,-0.9069,-0.4730,-6.99,-6.53,13.05,1.0230,16.18,1
1022991,0.0166,-0.9058,-0.4750,-5.69,-6.60,13.65,1.0230,16.19,1
1023001,0.0103,-0.8946,-0.4734,-4.48,-6.90,14.22,1.0122,16.43,1
1023011,0.0005,-0.8766,-0.4722,-4.51,-7.66,14.84,0.9957,17.30,1
1023021,-0.0010,-0.8658,-0.4697,-4.92,-8.29,15.13,0.9851,17.94,1
1023031,-0.0057,-0.8594,-0.4715,-5.63,-9.14,15.45,0.9802,18.81,1
1023041,-0.0137,-0.8545,-0.4708,-8.38,-11.12,15.89,0.9757,21.13,1
1023051,-0.0198,-0.8468,-0.4666,-12.06,-13.41,16.77,0.9670,24.63,1
1023061,-0.0210,-0.8440,-0.4625,-15.27,-15.16,17.38,0.9626,27.65,1
1023071,-0.0241,-0.8466,-0.4671,-17.55,-16.42,17.96,0.9672,30.01,1
1023081,-0.0239,-0.8532,-0.4681,-20.62,-18.03,18.93,0.9735,33.29,1
1023091,-0.0224,-0.8661,-0.4767,-24.28,-19.37,20.34,0.9889,37.13,1
1023101,-0.0398,-0.8590,-0.4858,-29.42,-21.70,22.15,0.9876,42.74,1
1023111,-0.0544,-0.8509,-0.4916,-41.16,-27.27,23.21,0.9842,54.56,1
1023121,-0.0566,-0.8443,-0.4928,-40.66,-26.92,21.69,0.9793,53.37,1
1023131,-0.0562,-0.8356,-0.4966,-39.08,-25.03,19.36,0.9737,50.28,1
1023141,-0.0615,-0.8355,-0.5105,-37.85,-23.85,17.03,0.9810,47.87,1
1023151,-0.0788,-0.8316,-0.5264,-36.44,-23.07,15.97,0.9873,45.99,1
1023161,-0.0916,-0.8227,-0.5444,-35.45,-23.79,15.30,0.9908,45.35,1
1023171,-0.1017,-0.8181,-0.5633,-36.30,-26.65,14.72,0.9984,47.38,1
1023181,-0.1165,-0.8165,-0.5721,-41.61,-31.74,15.47,1.0037,54.57,1
1023191,-0.1366,-0.8047,-0.5880,-47.32,-36.60,16.54,1.0060,62.07,1
1023201,-0.1435,-0.7942,-0.5913,-50.61,-40.64,16.09,1.0005,66.87,1
1023211,-0.1425,-0.7911,-0.5868,-52.47,-44.07,14.40,0.9953,70.02,1
1023221,-0.1350,-0.7864,-0.5694,-51.64,-43.61,12.40,0.9803,68.72,1
1023231,-0.1290,-0.7834,-0.5722,-47.90,-39.38,10.39,0.9787,62.87,1
1023241,-0.1296,-0.7879,-0.5700,-43.58,-35.68,8.08,0.9810,56.90,1
1023251,-0.1214,-0.8050,-0.5804,-36.60,-30.28,5.86,0.9998,47.87,1
1023261,-0.1110,-0.8295,-0.5902,-25.91,-24.58,3.88,1.0241,35.92,1
1023271,-0.1033,-0.8410,-0.5937,-15.88,-19.99,2.49,1.0346,25.65,1
1023281,-0.1010,-0.8384,-0.5881,-7.75,-15.65,1.73,1.0291,17.55,1
1023291,-0.1127,-0.8054,-0.5775,-2.42,-12.10,0.66,0.9974,12.36,1
1023301,-0.1224,-0.7949,-0.5680,1.60,-6.40,-3.31,0.9847,7.38,1
1023311,-0.1268,-0.7810,-0.5595,6.95,-4.03,-4.49,0.9691,9.20,1
1023321,-0.1241,-0.7746,-0.5527,7.25,-2.35,-5.41,0.9596,9.35,1
1023331,-0.1138,-0.7791,-0.5447,6.14,-1.45,-5.35,0.9574,8.27,1
1023341,-0.1099,-0.7794,-0.5446,2.91,-1.27,-4.10,0.9572,5.18,1
1023351,-0.1126,-0.7787,-0.5486,0.27,-0.66,-3.17,0.9592,3.25,1
1023361,-0.1117,-0.7887,-0.5543,-0.49,0.78,-3.32,0.9705,3.44,1
1023371,-0.1061,-0.8074,-0.5559,1.07,2.67,-3.64,0.9860,4.64,1
1023381,-0.1051,-0.8160,-0.5545,2.54,4.23,-3.33,0.9922,5.95,1
1023391,-0.1042,-0.8199,-0.5538,3.59,5.71,-3.23,0.9948,7.48,1
1023401,-0.1016,-0.8180,-0.5483,5.52,7.81,-3.65,0.9899,10.24,1
1023411,-0.0999,-0.8136,-0.5447,6.82,10.05,-4.71,0.9842,13.03,1
1023421,-0.0977,-0.8084,-0.5395,8.19,13.08,-6.11,0.9768,16.60,1
1023431,-0.0907,-0.8052,-0.5382,10.70,17.61,-7.53,0.9727,21.93,1
1023441,-0.0898,-0.8079,-0.5522,12.78,22.06,-8.46,0.9826,26.86,1
1023451,-0.1026,-0.7995,-0.5695,13.14,23.88,-8.30,0.9869,28.49,1
1023461,-0.1210,-0.7836,-0.5800,10.68,22.68,-8.02,0.9823,26.32,1
1023471,-0.1240,-0.7794,-0.5768,8.21,21.39,-8.42,0.9775,24.40,1
1023481,-0.1168,-0.7824,-0.5861,8.27,22.28,-9.78,0.9845,25.70,1
1023491,-0.1099,-0.8199,-0.6020,9.94,24.56,-11.96,1.0231,29.07,1
1023501,-0.1118,-0.8239,-0.6045,17.23,26.10,-13.78,1.0280,34.18,1
1023511,-0.1092,-0.8149,-0.5962,19.40,25.25,-13.41,1.0156,34.55,1
1023521,-0.0993,-0.8099,-0.5811,18.66,24.42,-13.59,1.0018,33.61,1
1023531,-0.0788,-0.8169,-0.5689,17.93,24.79,-14.14,0.9986,33.70,1
1023541,-0.0625,-0.8352,-0.5689,17.68,25.36,-13.37,1.0125,33.68,1
1023551,-0.0577,-0.8388,-0.5680,18.49,24.78,-10.74,1.0146,32.73,1
1023561,-0.0598,-0.8303,-0.5607,19.69,23.94,-9.10,1.0037,32.30,1
1023571,-0.0570,-0.8326,-0.5587,20.20,23.47,-9.26,1.0043,32.32,1
1023581,-0.0518,-0.8469,-0.5558,20.53,22.92,-9.28,1.0143,32.13,1
1023591,-0.0520,-0.8488,-0.5483,20.43,21.87,-8.40,1.0118,31.08,1
1023601,-0.0560,-0.8366,-0.5545,18.97,20.67,-7.25,1.0053,28.98,1
1023611,-0.0507,-0.8293,-0.5359,17.62,18.57,-6.78,0.9886,26.48,1
1023621,-0.0351,-0.8310,-0.5273,15.28,17.05,-6.62,0.9849,23.83,1
1023631,-0.0248,-0.8382,-0.5247,11.89,15.63,-5.41,0.9892,20.37,1
1023641,-0.0248,-0.8414,-0.5303,8.43,14.01,-4.01,0.9949,16.83,1
1023651,-0.0283,-0.8443,-0.5348,4.86,12.25,-3.05,0.9998,13.52,1
1023661,-0.0299,-0.8429,-0.5375,3.38,11.45,-3.00,1.0002,12.31,1
1023671,-0.0249,-0.8484,-0.5435,3.23,10.66,-3.96,1.0079,11.82,1
1023681,-0.0237,-0.8584,-0.5430,4.03,9.61,-4.35,1.0160,11.29,1
1023691,-0.0259,-0.8540,-0.5485,5.68,9.05,-2.62,1.0153,11.00,1
1023701,-0.0313,-0.8471,-0.5482,5.01,7.85,-2.01,1.0095,9.53,1
1023711,-0.0393,-0.8400,-0.5484,4.43,6.71,-2.00,1.0040,8.29,1
1023721,-0.0367,-0.8379,-0.5499,4.46,5.60,-2.66,1.0029,7.64,1
1023731,-0.0374,-0.8326,-0.5386,5.35,5.06,-2.94,0.9924,7.92,1
1023741,-0.0394,-0.8231,-0.5316,6.51,5.36,-3.23,0.9806,9.03,1
1023751,-0.0351,-0.8210,-0.5232,8.44,6.43,-4.03,0.9741,11.35,1
1023761,-0.0309,-0.8221,-0.5159,9.87,7.99,-4.60,0.9711,13.51,1
1023771,-0.0294,-0.8179,-0.5195,10.11,9.42,-4.91,0.9693,14.66,1
1023781,-0.0259,-0.8229,-0.5194,8.93,9.77,-5.44,0.9735,14.31,1
1023791,-0.0251,-0.8273,-0.5257,7.37,9.54,-5.97,0.9805,13.45,1
1023801,-0.0246,-0.8332,-0.5294,5.93,8.57,-6.66,0.9875,12.37,1
1023811,-0.0196,-0.8429,-0.5285,5.20,7.85,-7.39,0.9951,11.96,1
1023821,-0.0112,-0.8509,-0.5281,4.74,7.39,-7.88,1.0015,11.79,1
1023831,-0.0082,-0.8572,-0.5269,4.69,7.14,-7.73,1.0062,11.52,1
1023841,-0.0063,-0.8593,-0.5258,5.11,7.37,-7.22,1.0074,11.51,1
1023851,-0.0074,-0.8578,-0.5232,5.29,7.19,-6.94,1.0048,11.31,1
1023861,-0.0043,-0.8556,-0.5211,4.88,6.91,-6.86,1.0018,10.89,1
1023871,-0.0016,-0.8625,-0.5228,3.59,6.42,-6.91,1.0086,10.09,1
1023881,0.0032,-0.8637,-0.5237,2.51,6.00,-6.79,1.0101,9.40,1
1023891,0.0062,-0.8655,-0.5241,1.37,5.17,-6.44,1.0118,8.37,1
1023901,0.0068,-0.8627,-0.5234,1.57,5.05,-5.53,1.0091,7.65,1
1023911,0.0033,-0.8556,-0.5257,2.41,5.20,-4.69,1.0042,7.40,1
1023921,0.0007,-0.8505,-0.5273,2.54,5.17,-4.08,1.0007,7.06,1
1023931,0.0018,-0.8505,-0.5286,1.06,4.31,-3.83,1.0014,5.87,1
1023941,0.0038,-0.8571,-0.5318,-0.33,3.42,-3.49,1.0087,4.90,1
1023951,-0.0006,-0.8579,-0.5349,-0.13,2.71,-2.99,1.0110,4.04,1
1023961,-0.0036,-0.8565,-0.5344,0.39,2.39,-2.76,1.0096,3.67,1
1023971,-0.0029,-0.8525,-0.5294,2.47,3.05,-3.12,1.0035,5.01,1
1023981,-0.0018,-0.8491,-0.5205,4.99,4.06,-3.62,0.9959,7.38,1
1023991,-0.0009,-0.8479,-0.5164,5.77,4.55,-4.00,0.9927,8.36,1
1024001,0.0024,-0.8491,-0.5190,5.17,4.55,-4.10,0.9952,8.02,1
1024011,0.0041,-0.8488,-0.5169,4.75,3.95,-4.50,0.9938,7.64,1
1024021,0.0095,-0.8476,-0.5123,5.34,3.98,-4.80,0.9904,8.21,1
1024031,0.0115,-0.8486,-0.5105,6.21,4.86,-4.76,0.9904,9.21,1
1024041,0.0071,-0.8440,-0.5156,5.56,4.86,-4.58,0.9890,8.68,1
1024051,0.0059,-0.8451,-0.5194,4.44,4.32,-4.63,0.9920,7.73,1
1024061,0.0063,-0.8465,-0.5200,4.14,3.89,-4.70,0.9934,7.37,1
1024071,0.0193,-0.8624,-0.5144,3.54,3.46,-4.62,1.0044,6.77,1
1024081,0.0189,-0.8689,-0.5205,3.38,3.15,-4.24,1.0130,6.27,1
1024091,0.0193,-0.8774,-0.5219,1.47,2.12,-3.87,1.0210,4.65,1
1024101,0.0228,-0.8788,-0.5174,1.72,2.00,-3.09,1.0200,4.06,1
1024111,0.0299,-0.8772,-0.5081,2.18,2.31,-2.69,1.0142,4.16,1
1024121,0.0307,-0.8715,-0.5066,1.29,2.49,-2.75,1.0085,3.92,1
1024131,0.0279,-0.8711,-0.5114,0.36,2.62,-2.32,1.0105,3.51,1
1024141,0.0207,-0.8622,-0.5192,-0.59,2.33,-1.44,1.0066,2.80,1
1024151,0.0140,-0.8478,-0.5204,0.01,2.14,-1.63,0.9949,2.68,1
1024161,0.0162,-0.8439,-0.5187,1.55,2.60,-2.52,0.9907,3.94,1
1024171,0.0185,-0.8436,-0.5142,1.93,2.53,-2.85,0.9882,4.27,1
1024181,0.0156,-0.8350,-0.5072,1.61,2.03,-2.88,0.9771,3.87,1
1024191,0.0151,-0.8289,-0.5058,0.00,1.58,-3.05,0.9711,3.44,1
1024201,0.0151,-0.8321,-0.5064,-1.28,1.22,-3.87,0.9741,4.25,1
1024211,0.0204,-0.8443,-0.5058,-1.21,1.65,-4.19,0.9845,4.66,1
1024221,0.0200,-0.8507,-0.5072,-1.58,2.12,-3.85,0.9906,4.67,1
1024231,0.0204,-0.8526,-0.5058,-1.47,2.60,-4.03,0.9916,5.02,1
1024241,0.0234,-0.8552,-0.5070,-0.91,3.30,-4.65,0.9945,5.77,1
1024251,0.0274,-0.8629,-0.5111,0.20,3.81,-5.19,1.0033,6.44,1
1024261,0.0271,-0.8611,-0.5108,0.88,3.63,-5.29,1.0016,6.47,1
1024271,0.0272,-0.8446,-0.5035,0.92,3.06,-6.16,0.9836,6.94,1
1024281,0.0309,-0.8385,-0.5014,2.56,4.38,-6.35,0.9775,8.13,1
1024291,0.0282,-0.8414,-0.5069,0.39,4.02,-5.93,0.9827,7.17,1
1024301,0.0265,-0.8441,-0.5151,-1.65,3.47,-4.99,0.9892,6.29,1
1024311,0.0234,-0.8461,-0.5220,-3.09,2.35,-4.80,0.9945,6.17,1
1024321,0.0277,-0.8550,-0.5236,-3.25,1.72,-4.73,1.0030,5.99,1
1024331,0.0437,-0.8847,-0.5288,-3.28,1.75,-4.29,1.0316,5.68,1
1024341,0.0435,-0.8913,-0.5364,-3.32,0.97,-3.33,1.0412,4.80,1
1024351,0.0371,-0.8855,-0.5348,-1.50,0.36,-3.61,1.0351,3.93,1
1024361,0.0449,-0.8834,-0.5241,1.59,0.88,-3.57,1.0281,4.01,1
1024371,0.0490,-0.8793,-0.5169,2.28,0.73,-2.43,1.0211,3.41,1
1024381,0.0549,-0.8808,-0.5156,-0.27,-0.38,-0.17,1.0221,0.49,1
1024391,0.0591,-0.8897,-0.5220,-4.66,-2.12,2.85,1.0333,5.86,1
1024401,0.0605,-0.9004,-0.5332,-6.76,-3.42,5.13,1.0481,9.15,1
1024411,0.0619,-0.9185,-0.5436,-6.19,-4.26,7.19,1.0691,10.40,1
1024421,0.0571,-0.9185,-0.5439,-6.46,-6.33,9.65,1.0690,13.22,1
1024431,0.0612,-0.9185,-0.5333,-9.18,-9.32,11.88,1.0639,17.67,1
1024441,0.0678,-0.9104,-0.5208,-11.79,-11.28,14.32,1.0511,21.70,1
1024451,0.0626,-0.8999,-0.5152,-15.38,-13.06,16.60,1.0388,26.13,1
1024461,0.0929,-0.9307,-0.5086,-17.79,-13.87,18.92,1.0647,29.44,1
1024471,0.0882,-0.9285,-0.5188,-16.60,-14.70,30.73,1.0673,37.89,1
1024481,0.0690,-0.9306,-0.5349,-24.05,-18.63,39.14,1.0756,49.57,1
1024491,0.0415,-0.9193,-0.5636,-29.65,-24.34,48.13,1.0791,61.55,1
1024501,0.0024,-0.8808,-0.5674,-38.89,-34.10,55.06,1.0477,75.55,1
1024511,-0.0193,-0.8408,-0.5606,-49.56,-43.21,57.97,1.0108,87.66,1
1024521,-0.0323,-0.8282,-0.5392,-53.34,-47.37,58.59,0.9888,92.32,1
1024531,-0.0449,-0.8067,-0.5580,-55.57,-48.61,59.05,0.9819,94.54,1
1024541,-0.0629,-0.7966,-0.5560,-58.97,-50.70,59.47,0.9735,97.90,1
1024551,-0.0718,-0.7888,-0.5630,-59.33,-52.14,60.03,0.9717,99.21,1
1024561,-0.0829,-0.7920,-0.5652,-54.81,-50.86,61.79,0.9765,97.00,1
1024571,-0.1065,-0.7703,-0.5671,-48.25,-49.79,63.22,0.9625,93.83,1
1024581,-0.1346,-0.7335,-0.5680,-44.60,-48.00,61.22,0.9374,89.68,1
1024591,-0.1649,-0.7377,-0.5685,-36.33,-41.92,56.50,0.9458,79.18,1
1024601,-0.2202,-0.7528,-0.5930,-7.57,-36.91,50.85,0.9832,63.28,1
1024611,-0.1340,-0.7035,-0.5906,14.05,-39.42,46.13,0.9283,62.28,1
1024621,-0.1840,-0.7129,-0.5817,4.15,-31.84,44.41,0.9384,54.80,1
1024631,-0.2263,-0.7191,-0.6175,-5.25,-28.41,43.07,0.9745,51.86,1
1024641,-0.2551,-0.7027,-0.6296,-9.21,-34.05,39.87,0.9773,53.23,1
1024651,-0.2607,-0.6896,-0.6275,-10.54,-36.69,35.50,0.9681,52.13,1
1024661,-0.2232,-0.7436,-0.6306,-13.19,-36.00,27.83,1.0002,47.38,1
1024671,-0.2078,-0.7645,-0.6161,-4.32,-29.74,29.02,1.0036,41.78,1
1024681,-0.2392,-0.7393,-0.6112,-4.04,-27.16,29.61,0.9886,40.38,0
1024691,-0.2520,-0.7116,-0.6080,0.46,-22.12,25.91,0.9693,34.07,0
1024701,-0.2635,-0.7237,-0.6218,6.69,-15.53,19.21,0.9899,25.59,0
1024711,-0.2557,-0.7543,-0.6366,10.21,-12.35,14.65,1.0196,21.71,0
1024721,-0.2336,-0.8063,-0.6505,11.46,-12.32,13.99,1.0620,21.88,0
1024731,-0.2406,-0.8268,-0.6499,16.52,-12.81,17.09,1.0788,27.00,0
1024741,-0.2736,-0.7951,-0.6557,19.92,-13.52,17.86,1.0663,29.98,0
1024751,-0.2854,-0.7735,-0.6403,24.75,-13.49,14.33,1.0439,31.62,0
1024761,-0.2875,-0.7713,-0.6170,27.83,-13.06,10.31,1.0287,32.42,0
1024771,-0.2810,-0.7551,-0.6041,29.12,-12.60,8.25,1.0070,32.78,0
1024781,-0.2734,-0.7543,-0.5945,29.11,-12.84,6.26,0.9986,32.42,0
1024791,-0.2732,-0.7568,-0.5886,30.63,-12.50,4.24,0.9970,33.36,0
1024801,-0.2659,-0.7682,-0.5900,31.46,-13.07,2.77,1.0044,34.18,0
1024811,-0.2597,-0.7793,-0.5767,30.27,-15.30,3.42,1.0037,34.09,0
1024821,-0.2581,-0.7683,-0.5562,27.73,-17.25,5.15,0.9830,33.06,0
1024831,-0.2707,-0.7446,-0.5367,25.09,-17.81,5.97,0.9569,31.34,0
1024841,-0.2788,-0.7346,-0.5324,21.03,-17.46,4.33,0.9491,27.67,0
1024851,-0.2787,-0.7521,-0.5275,19.16,-16.29,1.30,0.9600,25.19,0
1024861,-0.2661,-0.7722,-0.5234,18.72,-15.80,-2.14,0.9701,24.59,0
1024871,-0.2716,-0.7722,-0.5143,13.33,-17.47,-0.35,0.9668,21.97,0
1024881,-0.2746,-0.7697,-0.5236,7.88,-19.15,1.16,0.9706,20.74,0
1024891,-0.2606,-0.8032,-0.5377,4.17,-21.60,2.38,1.0011,22.12,0
1024901,-0.2732,-0.8111,-0.5493,3.08,-23.58,5.15,1.0170,24.33,0
1024911,-0.2957,-0.7939,-0.5609,0.52,-26.99,6.11,1.0161,27.68,0
1024921,-0.3012,-0.7856,-0.5503,-1.02,-30.36,4.35,1.0053,30.69,0
1024931,-0.2951,-0.7886,-0.5335,-0.53,-31.75,2.00,0.9968,31.81,0
1024941,-0.2923,-0.7865,-0.5167,-0.82,-32.17,0.61,0.9854,32.19,0
1024951,-0.2925,-0.7924,-0.5148,-2.17,-31.58,-0.60,0.9892,31.66,0
1024961,-0.2972,-0.8041,-0.5320,-1.99,-30.50,-0.82,1.0089,30.58,0
1024971,-0.3084,-0.8055,-0.5489,-3.47,-31.59,-0.74,1.0223,31.79,0
1024981,-0.3201,-0.8218,-0.5661,-4.70,-33.99,-1.52,1.0480,34.34,0
1024991,-0.3347,-0.8260,-0.5766,-2.36,-35.71,-1.81,1.0614,35.83,0
1025001,-0.3343,-0.8197,-0.5590,2.82,-36.65,-2.95,1.0470,36.88,0
1025011,-0.3333,-0.8239,-0.5502,9.28,-35.40,-4.95,1.0453,36.93,0
1025021,-0.3325,-0.8034,-0.5220,10.12,-34.16,-6.80,1.0142,36.27,0
1025031,-0.3348,-0.7928,-0.5020,12.47,-29.72,-10.45,0.9963,33.88,0
1025041,-0.3412,-0.8024,-0.5144,16.11,-22.79,-15.83,1.0124,32.09,0
1025051,-0.3025,-0.8429,-0.5223,21.44,-15.89,-26.15,1.0367,37.36,0
1025061,-0.2939,-0.8470,-0.5234,34.90,-8.06,-25.65,1.0381,44.05,0
1025071,-0.3015,-0.8299,-0.5153,33.92,-8.14,-24.47,1.0224,42.61,0
1025081,-0.3221,-0.8193,-0.5145,33.69,-6.69,-25.66,1.0197,42.87,0
1025091,-0.3233,-0.8320,-0.5134,39.68,-2.98,-29.38,1.0297,49.46,0
1025101,-0.3130,-0.8465,-0.5033,47.20,0.67,-34.36,1.0334,58.38,0
1025111,-0.2818,-0.8669,-0.4838,53.52,4.84,-39.79,1.0320,66.86,0
1025121,-0.2690,-0.8791,-0.4752,62.12,11.43,-44.66,1.0349,77.35,0
1025131,-0.2804,-0.8685,-0.4830,70.25,17.91,-50.30,1.0326,88.23,0
1025141,-0.2745,-0.8733,-0.4739,78.16,23.05,-58.96,1.0308,100.58,0
1025151,-0.2440,-0.8929,-0.4642,88.23,28.95,-67.87,1.0355,115.01,0
1025161,-0.2161,-0.9354,-0.4567,92.69,32.97,-74.86,1.0632,123.62,0
1025171,-0.1820,-0.9740,-0.4378,99.04,36.39,-79.71,1.0832,132.24,0
1025181,-0.1699,-0.9623,-0.4301,108.01,42.85,-85.17,1.0677,144.07,0
1025191,-0.1643,-0.9574,-0.4030,114.74,49.04,-96.85,1.0517,157.96,0
1025201,-0.1582,-0.9549,-0.3902,127.61,58.02,-110.43,1.0436,178.45,0
1025211,-0.1443,-0.9525,-0.4126,136.01,67.18,-124.85,1.0480,196.47,0
1025221,-0.0897,-1.0910,-0.4397,136.88,71.57,-136.42,1.1797,206.08,0
1025231,-0.0425,-1.1917,-0.3770,146.68,81.43,-128.86,1.2506,211.54,0
1025241,-0.0178,-1.0412,-0.2812,171.89,90.67,-119.59,1.0786,228.18,0
1025251,-0.0074,-0.9829,-0.2205,176.96,83.53,-108.88,1.0073,223.93,0
1025261,-0.0097,-0.9570,-0.1820,166.96,81.76,-105.50,0.9742,213.75,0
1025271,0.0004,-0.9342,-0.1471,161.76,84.93,-101.82,0.9457,209.16,0
1025281,0.0041,-0.9171,-0.1282,162.29,91.62,-99.58,0.9260,211.30,0
1025291,-0.0111,-0.9194,-0.1818,159.16,94.47,-97.74,0.9373,209.31,0
1025301,-0.0143,-0.9541,-0.2037,151.10,87.62,-93.83,0.9757,198.27,0
1025311,-0.0024,-0.9528,-0.1565,155.87,81.36,-84.08,0.9656,194.90,0
1025321,-0.0008,-0.8929,-0.0947,158.24,76.02,-73.26,0.8979,190.23,0
1025331,0.0082,-0.8636,-0.0285,153.19,71.94,-64.55,0.8642,181.13,0
1025341,0.0115,-0.8440,0.0049,144.10,68.28,-57.81,0.8441,169.61,0
1025351,0.0247,-0.8530,0.0382,132.23,63.53,-55.24,0.8543,156.76,0
1025361,0.0793,-0.8971,0.0691,124.48,62.27,-55.14,0.9032,149.71,0
1025371,0.1077,-0.9290,0.0927,121.44,64.93,-56.39,0.9398,148.81,0
1025381,0.0842,-0.9452,0.0918,122.96,69.81,-58.80,0.9534,153.13,0
1025391,0.0842,-0.9677,0.0936,125.72,72.65,-61.07,0.9758,157.52,0
1025401,0.0924,-0.9652,0.1200,128.31,70.91,-59.90,0.9770,158.37,0
1025411,0.1407,-0.9747,0.1718,124.51,66.69,-57.13,0.9997,152.36,0
1025421,0.1767,-0.9860,0.2117,120.21,65.45,-53.14,1.0239,146.82,0
1025431,0.1646,-0.9619,0.2158,117.81,66.73,-49.55,0.9994,144.18,0
1025441,0.1443,-0.9490,0.2235,117.10,66.94,-49.59,0.9856,143.71,0
1025451,0.1540,-0.9565,0.2339,121.84,67.66,-53.24,0.9967,149.19,0
1025461,0.1851,-0.9669,0.2462,131.43,71.01,-55.89,1.0148,159.50,0
1025471,0.1837,-0.9295,0.2757,136.33,69.20,-53.37,0.9868,161.94,0
1025481,0.1684,-0.8733,0.3479,129.19,61.61,-49.51,0.9550,151.44,0
1025491,0.1949,-0.8500,0.4230,119.18,54.28,-45.75,0.9692,138.71,0
1025501,0.2075,-0.8417,0.4739,105.42,47.43,-39.88,0.9879,122.29,0
1025511,0.2171,-0.8227,0.5061,92.46,41.10,-34.14,0.9901,106.79,0
1025521,0.2129,-0.8433,0.4963,81.82,35.79,-31.32,1.0014,94.64,0
1025531,0.2281,-0.8283,0.5127,72.05,31.51,-28.62,1.0004,83.68,0
1025541,0.2566,-0.8422,0.5147,61.65,28.86,-29.88,1.0198,74.34,0
1025551,0.2721,-0.8785,0.5081,55.99,28.38,-32.94,1.0507,70.89,0
1025561,0.2644,-0.8726,0.4549,55.78,30.59,-35.11,1.0190,72.66,0
1025571,0.2610,-0.8770,0.4697,57.75,30.55,-35.94,1.0285,74.56,0
1025581,0.2597,-0.8483,0.5031,54.24,27.59,-33.15,1.0199,69.30,0
1025591,0.2348,-0.8343,0.5378,48.33,24.59,-30.31,1.0200,62.12,0
1025601,0.2336,-0.8224,0.5395,40.39,23.05,-27.03,1.0109,53.79,0
1025611,0.2087,-0.8294,0.5270,32.98,21.21,-24.39,1.0046,46.18,0
1025621,0.1995,-0.8254,0.5059,27.26,19.55,-21.88,0.9885,40.04,0
1025631,0.2010,-0.8002,0.5050,23.49,16.71,-20.52,0.9673,35.39,0
1025641,0.2196,-0.8108,0.4982,20.64,13.90,-22.71,0.9767,33.69,0
1025651,0.2443,-0.8290,0.4895,21.54,14.77,-23.31,0.9932,35.01,0
1025661,0.2385,-0.8336,0.4800,22.99,15.41,-22.86,0.9911,35.90,0
1025671,0.2416,-0.8369,0.4907,23.91,15.49,-22.06,0.9998,36.03,0
1025681,0.2489,-0.8396,0.5090,24.36,15.84,-20.25,1.0129,35.41,0
1025691,0.2397,-0.8295,0.5211,22.78,15.79,-16.95,1.0085,32.48,0
1025701,0.2370,-0.8223,0.5228,21.38,16.23,-13.93,1.0028,30.24,0
1025711,0.2464,-0.8308,0.5289,22.38,17.02,-12.05,1.0153,30.59,0
1025721,0.2479,-0.8274,0.5250,22.12,17.78,-9.19,1.0108,29.83,0
1025731,0.2334,-0.8133,0.5181,21.18,18.60,-8.71,0.9922,29.50,0
1025741,0.2317,-0.8341,0.5136,23.95,20.10,-11.84,1.0065,33.43,0
1025751,0.2406,-0.8396,0.5165,29.31,21.92,-14.83,1.0146,39.49,0
1025761,0.2493,-0.8392,0.5315,34.07,22.92,-18.45,1.0242,45.01,0
1025771,0.2744,-0.8390,0.5605,38.10,23.76,-21.74,1.0456,49.88,0
1025781,0.2885,-0.8350,0.5797,38.82,24.05,-23.18,1.0566,51.21,0
1025791,0.2757,-0.8155,0.5819,37.35,23.98,-22.25,1.0391,49.65,0
1025801,0.2683,-0.8033,0.5862,34.03,22.71,-19.87,1.0300,45.48,0
1025811,0.2663,-0.7824,0.5931,28.04,20.36,-15.63,1.0173,38.02,0
1025821,0.2539,-0.7774,0.5710,21.62,18.10,-13.48,0.9974,31.25,0
1025831,0.2277,-0.7863,0.5397,17.64,21.72,-16.79,0.9805,32.63,0
1025841,0.2229,-0.7800,0.5327,29.88,24.88,-21.53,0.9705,44.45,0
1025851,0.2431,-0.7845,0.5559,39.06,26.63,-26.95,0.9917,54.41,0
1025861,0.2818,-0.7739,0.6014,46.52,27.90,-29.19,1.0199,61.60,0
1025871,0.3235,-0.7389,0.6589,51.68,29.92,-29.09,1.0415,66.42,0
1025881,0.3086,-0.7361,0.6836,49.60,32.20,-25.53,1.0509,64.41,0
1025891,0.3015,-0.7268,0.6800,38.14,32.63,-15.00,1.0400,52.39,0
1025901,0.2496,-0.7411,0.6556,28.94,31.98,-5.23,1.0205,43.45,0
1025911,0.2190,-0.7647,0.6033,25.09,30.03,-0.23,0.9983,39.13,0
1025921,0.2374,-0.7840,0.6071,28.90,27.48,1.99,1.0196,39.93,0
1025931,0.2709,-0.7914,0.6380,35.83,27.39,4.11,1.0521,45.29,0
1025941,0.2588,-0.7696,0.6474,40.79,29.98,6.03,1.0384,50.98,0
1025951,0.2173,-0.7455,0.6462,44.15,33.52,5.02,1.0102,55.66,0
1025961,0.2331,-0.7514,0.6702,49.41,37.43,2.40,1.0334,62.04,0
1025971,0.3253,-0.7668,0.7233,53.47,40.50,3.03,1.1031,67.15,0
1025981,0.3530,-0.7600,0.7581,55.41,43.18,10.35,1.1300,71.00,0
1025991,0.2536,-0.7580,0.7675,53.95,45.99,20.48,1.1081,73.79,0
1026001,0.2075,-0.7196,0.7110,56.19,51.42,28.95,1.0326,81.49,0
1026011,0.1493,-0.7134,0.7123,46.48,39.87,24.90,1.0191,66.11,0
1026021,0.1129,-0.7140,0.7658,42.17,33.00,27.40,1.0531,60.14,0
1026031,0.1157,-0.5999,0.6988,47.56,36.70,30.07,0.9282,67.18,0
1026041,0.0999,-0.5997,0.7258,31.73,20.11,16.42,0.9467,40.99,0
1026051,0.1081,-0.5910,0.7230,19.29,10.16,11.69,0.9401,24.74,0
1026061,0.1012,-0.5741,0.7244,9.72,4.48,10.40,0.9298,14.93,0
1026071,0.1069,-0.6033,0.7166,4.98,2.47,7.24,0.9428,9.12,0
1026081,0.1392,-0.6781,0.7013,5.07,2.42,6.01,0.9855,8.23,0
1026091,0.1716,-0.7002,0.7100,10.33,1.99,7.94,1.0118,13.17,0
1026101,0.1945,-0.6888,0.7456,15.20,0.81,9.26,1.0335,17.81,0
1026111,0.2176,-0.6966,0.7762,14.95,-0.40,9.13,1.0654,17.52,0
1026121,0.2313,-0.6975,0.7907,13.62,-2.28,9.48,1.0794,16.74,0
1026131,0.2145,-0.6731,0.7888,10.79,-4.91,10.75,1.0589,16.00,0
1026141,0.1882,-0.6651,0.7765,4.31,-7.98,13.13,1.0396,15.96,0
1026151,0.1791,-0.6605,0.7749,-5.15,-11.21,17.62,1.0338,21.51,0
1026161,0.1658,-0.6366,0.7933,-16.07,-14.92,23.14,1.0306,31.88,0
1026171,0.1701,-0.6133,0.8296,-26.68,-17.53,26.74,1.0456,41.64,0
1026181,0.1857,-0.6242,0.8384,-36.40,-17.79,28.76,1.0616,49.69,0
1026191,0.2100,-0.6705,0.8130,-48.86,-19.16,34.14,1.0745,62.61,0
1026201,0.1943,-0.7063,0.7605,-59.74,-21.66,41.55,1.0559,75.92,0
1026211,0.1452,-0.7346,0.6923,-66.79,-24.07,44.56,1.0198,83.82,0
1026221,0.1484,-0.7558,0.6866,-65.27,-24.42,35.05,1.0319,78.00,0
1026231,0.1367,-0.7540,0.6886,-57.28,-23.39,30.21,1.0303,68.85,0
1026241,0.1524,-0.7714,0.6787,-54.37,-20.27,25.84,1.0387,63.52,0
1026251,0.1451,-0.7845,0.6416,-52.68,-17.10,25.71,1.0238,61.06,0
1026261,0.1230,-0.7869,0.6074,-51.31,-16.67,28.00,1.0017,60.78,0
1026271,0.0967,-0.7885,0.5806,-48.85,-16.37,29.37,0.9840,59.30,0
1026281,0.0962,-0.8124,0.5482,-41.49,-13.78,27.71,0.9848,51.76,0
1026291,0.1061,-0.8292,0.5409,-32.01,-11.62,26.89,0.9957,43.39,0
1026301,0.1028,-0.8188,0.5467,-25.82,-11.39,27.02,0.9899,39.07,0
1026311,0.0961,-0.7959,0.5628,-19.58,-10.51,25.14,0.9795,33.55,0
1026321,0.0926,-0.7782,0.5769,-12.78,-8.40,20.48,0.9732,25.56,0
1026331,0.1136,-0.7940,0.6017,-6.67,-6.51,17.17,1.0027,19.53,0
1026341,0.0945,-0.7758,0.6127,-9.21,-7.97,19.66,0.9930,23.13,0
1026351,0.0714,-0.7365,0.6197,-13.07,-9.31,19.64,0.9652,25.36,0
1026361,0.0792,-0.7417,0.6185,-10.29,-6.90,13.23,0.9690,18.12,0
1026371,0.1020,-0.7717,0.6221,-6.87,-3.47,6.94,0.9965,10.36,0
1026381,0.1098,-0.7780,0.6078,-4.09,-0.93,3.79,0.9933,5.65,0
1026391,0.0973,-0.7743,0.5991,-2.49,-1.12,1.60,0.9838,3.17,0
1026401,0.1078,-0.7812,0.5922,2.41,0.58,-2.11,0.9862,3.25,0
1026411,0.1134,-0.7815,0.6070,9.22,3.50,-13.38,0.9960,16.62,0
1026421,0.1311,-0.7927,0.6386,23.34,5.42,-18.57,1.0263,30.31,0
1026431,0.1737,-0.7800,0.6712,26.26,7.44,-20.79,1.0436,34.31,0
1026441,0.1848,-0.7593,0.6980,21.04,7.13,-24.36,1.0478,32.97,0
1026451,0.1934,-0.7944,0.6986,15.69,9.28,-28.31,1.0754,33.67,0
1026461,0.2033,-0.8207,0.6876,13.01,10.82,-28.95,1.0898,33.53,0
1026471,0.2002,-0.8312,0.6808,10.82,10.31,-25.18,1.0929,29.28,0
1026481,0.1751,-0.8197,0.6624,9.83,8.82,-20.60,1.0683,24.47,0
1026491,0.1706,-0.8143,0.6601,11.35,8.50,-17.92,1.0621,22.85,0
1026501,0.1726,-0.8046,0.6590,13.21,8.96,-16.15,1.0543,22.71,0
1026511,0.1537,-0.7642,0.6606,13.21,8.18,-12.84,1.0218,20.16,0
1026521,0.1306,-0.7209,0.6626,10.45,7.12,-10.12,0.9878,16.19,0
1026531,0.1426,-0.7229,0.6644,7.02,6.71,-10.18,0.9921,14.07,0
1026541,0.1509,-0.7391,0.6638,5.12,6.87,-10.56,1.0049,13.60,0
1026551,0.1655,-0.7556,0.6689,4.33,6.98,-9.86,1.0226,12.84,0
1026561,0.1816,-0.7571,0.6876,3.05,6.92,-8.52,1.0387,11.39,0
1026571,0.1847,-0.7515,0.7013,0.65,7.03,-7.37,1.0443,10.20,0
1026581,0.1728,-0.7544,0.7000,-1.36,7.64,-6.49,1.0435,10.12,0
1026591,0.1532,-0.7402,0.7026,-0.95,7.95,-4.65,1.0320,9.26,0
1026601,0.1891,-0.7311,0.7381,-4.24,6.57,-2.84,1.0560,8.32,0
1026611,0.1855,-0.7263,0.7346,-9.58,5.13,3.07,1.0495,11.29,0
1026621,0.1522,-0.7085,0.7139,-25.10,3.07,7.87,1.0172,26.48,0
1026631,0.1283,-0.7105,0.6881,-33.19,0.50,10.17,0.9974,34.71,0
1026641,0.1356,-0.7263,0.6782,-37.54,-1.52,11.39,1.0029,39.26,0
1026651,0.1407,-0.7289,0.6819,-41.42,-3.39,14.18,1.0081,43.91,0
1026661,0.1443,-0.7213,0.6917,-46.74,-4.51,17.25,1.0097,50.03,0
1026671,0.1541,-0.7332,0.6828,-51.41,-3.75,18.85,1.0137,54.88,0
1026681,0.1573,-0.7589,0.6612,-54.44,-3.07,20.56,1.0187,58.28,0
1026691,0.1420,-0.7710,0.6394,-58.94,-4.36,21.99,1.0116,63.06,0
1026701,0.1337,-0.7929,0.6195,-59.37,-3.74,20.87,1.0151,63.04,0
1026711,0.1384,-0.8160,0.6023,-58.23,-2.68,20.24,1.0236,61.71,0
1026721,0.1407,-0.8304,0.5924,-61.97,-4.78,22.10,1.0297,65.96,0
1026731,0.1273,-0.8399,0.5825,-64.81,-5.87,24.47,1.0300,69.53,0
1026741,0.1323,-0.8146,0.5957,-55.59,-1.61,23.87,1.0178,60.52,0
1026751,0.1105,-0.9264,0.4723,-44.22,2.00,21.01,1.0457,49.00,0
1026761,0.0899,-0.8722,0.5049,-55.28,-5.59,26.39,1.0118,61.51,0
1026771,0.0909,-0.8591,0.5114,-54.49,-6.55,26.65,1.0040,61.01,0
1026781,0.0940,-0.8513,0.5062,-54.25,-7.07,26.94,0.9949,60.98,0
1026791,0.0862,-0.8544,0.4800,-59.58,-9.64,27.55,0.9838,66.34,0
1026801,0.0793,-0.8734,0.4748,-60.27,-10.85,27.83,0.9973,67.26,0
1026811,0.0759,-0.8659,0.4732,-59.42,-13.21,29.76,0.9897,67.76,0
1026821,0.0675,-0.8638,0.4622,-65.88,-16.83,31.47,0.9820,74.92,0
1026831,0.0677,-0.8840,0.4456,-67.73,-18.25,30.95,0.9922,76.67,0
1026841,0.0692,-0.9089,0.4261,-64.84,-18.08,30.37,1.0062,73.85,0
1026851,0.0640,-0.9167,0.4140,-61.53,-19.20,30.57,1.0079,71.34,0
1026861,0.0665,-0.9001,0.4333,-60.38,-21.76,31.44,1.0011,71.47,0
1026871,0.0720,-0.8806,0.4537,-63.30,-23.63,31.84,0.9932,74.69,0
1026881,0.0712,-0.8801,0.4550,-66.81,-23.41,31.29,0.9933,77.40,0
1026891,0.0635,-0.8789,0.4433,-70.50,-23.21,30.79,0.9864,80.36,0
1026901,0.0608,-0.8807,0.4350,-74.56,-24.05,29.48,0.9841,83.70,0
1026911,0.0933,-0.9173,0.4258,-76.29,-23.67,27.26,1.0156,84.40,0
1026921,0.1088,-0.9529,0.4161,-74.67,-21.58,27.63,1.0455,82.49,0
1026931,0.0856,-0.9546,0.3810,-74.24,-20.11,29.28,1.0313,82.29,0
1026941,0.0613,-0.9543,0.3576,-71.69,-19.40,28.11,1.0210,79.41,0
1026951,0.0594,-0.9560,0.3512,-66.52,-18.27,24.86,1.0202,73.32,0
1026961,0.0598,-0.9577,0.3451,-62.80,-17.37,22.45,1.0197,68.92,0
1026971,0.0592,-0.9529,0.3384,-61.35,-16.88,21.00,1.0129,67.00,0
1026981,0.0621,-0.9607,0.3279,-61.32,-16.48,20.04,1.0170,66.58,0
1026991,0.0463,-0.9726,0.2870,-62.69,-16.43,20.62,1.0151,68.01,0
1027001,0.0421,-0.9844,0.2546,-63.67,-15.10,19.92,1.0177,68.41,0
1027011,0.0376,-1.0040,0.2264,-54.44,-13.29,17.96,1.0299,58.85,0
1027021,0.0310,-1.0052,0.2217,-48.21,-13.08,17.12,1.0299,52.81,0
1027031,0.0308,-0.9849,0.2378,-44.57,-13.67,16.49,1.0136,49.45,0
1027041,0.0228,-0.9689,0.2428,-43.65,-13.52,15.76,0.9991,48.33,0
1027051,0.0040,-0.9612,0.2301,-44.23,-13.38,14.61,0.9883,48.47,0
1027061,-0.0007,-0.9677,0.2092,-43.94,-13.72,13.25,0.9901,47.90,0
1027071,-0.0090,-0.9827,0.1884,-45.28,-16.25,13.13,1.0006,49.87,0
1027081,-0.0203,-0.9887,0.1592,-44.42,-18.22,12.91,1.0016,49.71,0
1027091,-0.0257,-0.9930,0.1395,-38.56,-18.67,10.71,1.0031,44.16,0
1027101,-0.0094,-0.9946,0.1446,-30.91,-18.21,7.18,1.0051,36.59,0
1027111,0.0055,-1.0018,0.1474,-21.29,-15.87,3.17,1.0126,26.74,0
1027121,0.0232,-1.0198,0.1511,-11.93,-13.09,-0.62,1.0312,17.72,0
1027131,0.0342,-1.0333,0.1481,-3.18,-9.63,-3.45,1.0444,10.71,0
1027141,0.0312,-1.0488,0.1423,5.11,-7.15,-5.01,1.0589,10.12,0
1027151,0.0200,-1.0347,0.1619,8.00,-9.49,-3.22,1.0475,12.82,0
1027161,0.0159,-1.0164,0.1860,5.28,-14.28,-0.47,1.0334,15.23,0
1027171,0.0226,-1.0112,0.2012,4.20,-16.44,0.00,1.0312,16.97,0
1027181,0.0307,-1.0267,0.1990,6.80,-15.13,-1.95,1.0463,16.70,0
1027191,0.0477,-1.0276,0.2046,11.45,-12.64,-8.25,1.0488,18.94,0
1027201,0.0535,-1.0218,0.2062,22.92,-5.65,-11.47,1.0437,26.24,0
1027211,0.0577,-1.0252,0.1930,29.60,-2.00,-13.97,1.0448,32.79,0
1027221,0.0349,-1.0113,0.1767,33.64,-1.20,-15.53,1.0272,37.08,0
1027231,0.0245,-0.9946,0.1932,38.50,-1.32,-18.14,1.0135,42.58,0
1027241,0.0413,-0.9833,0.2176,43.58,-0.08,-19.90,1.0079,47.91,0
1027251,0.0588,-0.9783,0.2389,45.31,0.46,-20.06,1.0087,49.55,0
1027261,0.0562,-0.9646,0.2571,44.88,0.81,-20.04,0.9998,49.16,0
1027271,0.0537,-0.9587,0.2687,46.10,2.61,-22.45,0.9971,51.35,0
1027281,0.0573,-0.9658,0.2736,49.55,5.67,-26.43,1.0055,56.44,0
1027291,0.0624,-0.9635,0.2830,52.41,8.29,-30.57,1.0061,61.24,0
1027301,0.0747,-0.9629,0.3035,54.04,10.81,-35.56,1.0123,65.59,0
1027311,0.1032,-0.9801,0.3170,56.84,15.03,-38.72,1.0353,70.40,0
1027321,0.1302,-0.9919,0.3218,55.48,16.34,-36.83,1.0509,68.56,0
1027331,0.1151,-0.9788,0.3511,46.76,11.96,-29.44,1.0462,56.54,0
1027341,0.1016,-0.9402,0.3648,36.25,7.97,-21.61,1.0136,42.95,0
1027351,0.0939,-0.9229,0.3799,28.45,6.21,-18.45,1.0025,34.47,0
1027361,0.1001,-0.9396,0.3696,25.85,8.19,-18.40,1.0146,32.77,0
1027371,0.0960,-0.9483,0.3441,26.86,10.68,-18.80,1.0134,34.48,0
1027381,0.1151,-0.9501,0.3550,29.69,12.59,-20.41,1.0207,38.17,0
1027391,0.1198,-0.9451,0.3544,36.50,17.65,-22.86,1.0165,46.54,0
1027401,0.1071,-0.9360,0.3529,38.20,17.89,-20.85,1.0061,47.05,0
1027411,0.0841,-0.9120,0.3547,36.68,15.63,-18.94,0.9822,44.14,0
1027421,0.0960,-0.9144,0.3729,35.90,13.68,-19.41,0.9922,43.04,0
1027431,0.1206,-0.9187,0.3973,33.65,12.73,-18.75,1.0081,40.57,0
1027441,0.1201,-0.9127,0.4001,29.39,12.51,-17.25,1.0038,36.30,0
1027451,0.1293,-0.9322,0.3919,26.51,12.56,-16.63,1.0195,33.72,0
1027461,0.1307,-0.9528,0.3767,25.26,11.87,-14.56,1.0329,31.48,0
1027471,0.1200,-0.9590,0.3673,25.75,10.55,-11.80,1.0340,30.23,0
1027481,0.1049,-0.9377,0.3703,28.04,9.78,-11.10,1.0136,31.70,0
1027491,0.1020,-0.9278,0.3717,32.14,10.36,-13.80,1.0047,36.48,0
1027501,0.1004,-0.9258,0.3752,36.30,10.85,-17.01,1.0040,41.53,0
1027511,0.0965,-0.9176,0.3786,38.86,10.78,-18.97,0.9973,44.57,0
1027521,0.0994,-0.9063,0.3975,39.72,9.69,-20.48,0.9947,45.73,0
1027531,0.1295,-0.8951,0.4353,40.64,10.94,-21.55,1.0037,47.28,0
1027541,0.1577,-0.9036,0.4596,38.83,12.70,-21.58,1.0259,46.20,0
1027551,0.1442,-0.9004,0.4648,34.30,13.47,-19.92,1.0235,41.89,0
1027561,0.1443,-0.9019,0.4683,30.76,13.76,-19.59,1.0264,38.98,0
1027571,0.1656,-0.9322,0.4687,30.38,14.99,-19.80,1.0565,39.24,0
1027581,0.1584,-0.8985,0.4775,32.02,15.65,-12.47,1.0298,37.76,0
1027591,0.1414,-0.8680,0.4927,30.66,13.76,-10.11,1.0081,35.09,0
1027601,0.1471,-0.8641,0.4942,28.67,13.43,-9.27,1.0063,32.98,0
1027611,0.1703,-0.8766,0.4961,26.22,12.63,-8.07,1.0215,30.19,0
1027621,0.1759,-0.8856,0.4930,24.12,11.48,-4.44,1.0287,27.08,0
1027631,0.1353,-0.8674,0.4897,21.88,10.01,0.42,1.0052,24.07,0
1027641,0.1187,-0.8541,0.4891,19.40,8.72,2.44,0.9913,21.41,0
1027651,0.1281,-0.8686,0.4975,19.02,8.21,2.48,1.0091,20.87,0
1027661,0.1349,-0.8766,0.5061,17.77,7.72,4.09,1.0211,19.80,0
1027671,0.1265,-0.8618,0.5187,14.56,6.34,7.05,1.0138,17.37,0
1027681,0.1170,-0.8461,0.5308,8.72,4.24,9.70,1.0056,13.72,0
1027691,0.1230,-0.8499,0.5290,3.34,3.52,9.87,1.0086,11.00,0
1027701,0.1371,-0.8808,0.5027,-0.05,4.46,8.65,1.0234,9.74,0
1027711,0.1511,-0.9112,0.4884,2.00,5.92,9.67,1.0448,11.51,0
1027721,0.1230,-0.8869,0.4885,3.40,6.13,13.08,1.0200,14.84,0
1027731,0.1013,-0.8683,0.4752,2.42,5.95,12.96,0.9950,14.46,0
1027741,0.1228,-0.8884,0.4856,4.14,5.64,9.34,1.0199,11.66,0
1027751,0.1374,-0.9042,0.5003,3.12,5.08,8.17,1.0425,10.12,0
1027761,0.1209,-0.8894,0.4864,0.93,5.38,8.74,1.0209,10.31,0
1027771,0.1015,-0.8827,0.4792,-0.46,5.37,7.32,1.0095,9.09,0
1027781,0.1195,-0.8858,0.4981,1.78,4.38,5.04,1.0232,6.91,0
1027791,0.1137,-0.8610,0.5169,-0.04,3.07,9.16,1.0107,9.66,0
1027801,0.1216,-0.8542,0.5152,-6.46,1.59,12.79,1.0049,14.42,0
1027811,0.1295,-0.8776,0.5138,-13.01,0.35,16.07,1.0252,20.68,0
1027821,0.1031,-0.9226,0.5323,-19.61,0.67,23.08,1.0702,30.29,0
1027831,-0.0114,-0.9940,0.5620,-19.97,10.68,38.60,1.1419,44.75,0
1027841,0.0881,-0.7726,0.4276,-5.61,25.32,45.47,0.8874,52.35,0
1027851,0.0474,-0.8186,0.5347,-13.59,0.35,19.94,0.9789,24.13,0
1027861,0.0592,-0.8492,0.5625,-21.25,1.89,21.81,1.0203,30.50,0
1027871,0.0479,-0.7551,0.4893,-21.08,6.16,23.92,0.9011,32.47,0
1027881,0.0598,-0.7689,0.4920,-39.28,-7.52,18.78,0.9149,44.18,0
1027891,0.0681,-0.7889,0.5008,-56.63,-17.05,18.10,0.9370,61.85,0
1027901,0.0549,-0.8036,0.4705,-64.37,-19.12,17.15,0.9328,69.30,0
1027911,0.0598,-0.8162,0.4470,-67.53,-20.93,14.04,0.9325,72.08,0
1027921,0.0685,-0.8307,0.4512,-70.50,-23.21,10.53,0.9478,74.96,0
1027931,0.0609,-0.8287,0.4495,-73.56,-22.75,8.41,0.9447,77.46,0
1027941,0.0483,-0.8346,0.4454,-76.08,-20.73,6.64,0.9473,79.13,0
1027951,0.0359,-0.8402,0.4232,-78.51,-18.75,4.73,0.9415,80.86,0
1027961,0.0130,-0.8133,0.4023,-84.85,-20.40,4.19,0.9074,87.37,0
1027971,-0.0091,-0.8119,0.3776,-95.83,-28.64,1.00,0.8954,100.02,0
1027981,0.0116,-0.8353,0.3451,-115.48,-30.20,-1.95,0.9039,119.38,0
1027991,0.0324,-0.8465,0.3082,-118.25,-31.02,-3.26,0.9015,122.29,0
1028001,0.0509,-0.8534,0.2837,-117.78,-31.75,-3.14,0.9008,122.03,0
1028011,0.0429,-0.8358,0.2636,-119.53,-33.31,-1.93,0.8775,124.10,0
1028021,0.0245,-0.8005,0.2509,-123.38,-35.25,-1.25,0.8392,128.33,0
1028031,0.0256,-0.7924,0.2292,-128.91,-36.33,-1.76,0.8253,133.95,0
1028041,0.0416,-0.8222,0.2017,-130.17,-35.70,-1.73,0.8476,134.98,0
1028051,0.0704,-0.8524,0.1654,-127.83,-35.69,0.05,0.8712,132.72,0
1028061,0.0352,-0.8683,0.1128,-121.60,-36.84,-0.03,0.8763,127.06,0
1028071,0.0290,-0.8902,0.0871,-117.26,-36.29,-3.28,0.8949,122.79,0
1028081,0.0159,-0.8899,0.0603,-109.71,-33.06,-9.19,0.8921,114.95,0
1028091,-0.1367,-0.8585,0.0649,-123.83,-36.30,-16.19,0.8718,130.05,0
1028101,-0.1809,-0.8354,-0.0859,-181.56,-25.16,-37.91,0.8591,187.18,0
1028111,0.1599,-1.0496,-0.1540,-169.30,10.61,-54.53,1.0728,178.18,0
1028121,0.2572,-1.1020,-0.0398,-122.26,14.37,-46.73,1.1323,131.67,0
1028131,0.2431,-1.0812,-0.0471,-135.80,-6.31,-36.84,1.1092,140.85,0
1028141,0.2456,-1.0929,-0.1247,-149.30,-20.07,-36.02,1.1271,154.89,0
1028151,0.2515,-1.1221,-0.1573,-128.98,-16.70,-38.26,1.1606,135.57,0
1028161,0.1823,-1.1093,-0.1522,-109.92,-11.03,-38.70,1.1344,117.05,0
1028171,0.2103,-1.0916,-0.2064,-120.23,-2.21,-35.37,1.1307,125.34,0
1028181,0.2258,-1.0752,-0.2431,-94.97,0.55,-36.89,1.1253,101.89,0
1028191,0.2762,-1.0760,-0.2215,-74.62,-0.80,-37.04,1.1327,83.31,0
1028201,0.3023,-1.0957,-0.1879,-66.33,-2.89,-33.69,1.1521,74.45,0
1028211,0.2904,-1.1145,-0.2151,-62.18,-3.81,-31.54,1.1717,69.83,0
1028221,0.3175,-1.1338,-0.2254,-53.84,-0.89,-28.85,1.1988,61.09,0
1028231,0.3141,-1.1396,-0.2256,-44.05,0.42,-25.94,1.2034,51.12,0
1028241,0.3099,-1.1435,-0.2190,-39.19,1.56,-23.24,1.2048,45.59,0
1028251,0.3088,-1.1334,-0.2178,-29.90,3.12,-18.84,1.1947,35.48,0
1028261,0.2995,-1.1166,-0.2049,-23.09,5.22,-14.11,1.1741,27.56,0
1028271,0.2899,-1.0819,-0.2063,-21.48,6.95,-11.60,1.1389,25.38,0
1028281,0.2625,-1.0760,-0.2285,-23.04,6.85,-11.48,1.1309,26.64,0
1028291,0.2812,-1.0387,-0.2151,-15.66,6.76,-9.64,1.0974,19.59,0
1028301,0.2793,-1.0272,-0.2035,-11.25,6.07,-8.50,1.0838,15.35,0
1028311,0.2676,-1.0157,-0.2112,-9.68,3.30,-6.69,1.0714,12.22,0
1028321,0.2387,-0.9969,-0.2022,-6.14,1.58,-5.39,1.0449,8.32,0
1028331,0.2339,-0.9699,-0.1995,-2.92,1.80,-5.34,1.0175,6.35,0
1028341,0.2265,-0.9569,-0.1950,-3.38,1.16,-6.15,1.0025,7.11,0
1028351,0.2172,-0.9391,-0.1967,-7.94,-0.78,-6.69,0.9837,10.41,0
1028361,0.2210,-0.9417,-0.2009,-13.62,-5.52,-6.31,0.9879,16.00,0
1028371,0.2237,-0.9494,-0.2021,-18.25,-5.67,-7.09,0.9961,20.38,0
1028381,0.2285,-0.9567,-0.2085,-16.50,-4.82,-7.47,1.0055,18.75,0
1028391,0.2274,-0.9602,-0.2137,-14.74,-4.45,-7.49,1.0097,17.12,0
1028401,0.2269,-0.9543,-0.2006,-12.05,-3.47,-7.25,1.0012,14.48,0
1028411,0.2290,-0.9540,-0.2032,-10.93,-1.90,-7.26,1.0019,13.26,0
1028421,0.2325,-0.9581,-0.2127,-11.60,-1.51,-6.09,1.0086,13.19,0
1028431,0.2317,-0.9644,-0.2196,-13.17,-2.40,-4.18,1.0159,14.02,0
1028441,0.2320,-0.9671,-0.2227,-13.86,-3.26,-3.06,1.0192,14.56,0
1028451,0.2357,-0.9708,-0.2192,-12.45,-2.89,-2.83,1.0228,13.09,0
1028461,0.2436,-0.9783,-0.2208,-8.91,-1.79,-1.64,1.0321,9.23,0
1028471,0.2484,-0.9788,-0.2190,-7.56,-2.33,-0.04,1.0333,7.91,0
1028481,0.2533,-0.9871,-0.2135,-8.58,-3.18,1.21,1.0412,9.23,0
1028491,0.2532,-0.9859,-0.2149,-8.09,-2.73,2.32,1.0403,8.84,0
1028501,0.2599,-0.9894,-0.2137,-9.07,-2.38,2.85,1.0451,9.80,0
1028511,0.2661,-0.9982,-0.2185,-12.53,-2.62,4.43,1.0559,13.54,0
1028521,0.2570,-0.9954,-0.2285,-17.36,-4.18,7.46,1.0531,19.35,0
1028531,0.2575,-0.9916,-0.2339,-22.94,-6.97,9.72,1.0508,25.87,0
1028541,0.2607,-0.9865,-0.2431,-28.72,-9.37,12.50,1.0489,32.69,0
1028551,0.2448,-0.9792,-0.2580,-33.57,-11.27,18.96,1.0418,40.16,0
1028561,0.2346,-0.9697,-0.2669,-38.67,-16.40,22.02,1.0328,47.42,0
1028571,0.2329,-0.9658,-0.2725,-43.66,-20.27,23.46,1.0302,53.55,0
1028581,0.2239,-0.9655,-0.2734,-46.03,-22.26,24.93,1.0281,56.89,0
1028591,0.2181,-0.9571,-0.2763,-47.11,-23.21,25.91,1.0198,58.56,0
1028601,0.2139,-0.9516,-0.2972,-50.42,-24.68,26.41,1.0197,62.04,0
1028611,0.1998,-0.9448,-0.3171,-57.90,-29.64,27.17,1.0164,70.49,0
1028621,0.2034,-0.9384,-0.3134,-67.17,-37.97,27.78,1.0101,82.00,0
1028631,0.1943,-0.9335,-0.3027,-71.58,-42.02,26.39,1.0004,87.09,0
1028641,0.1805,-0.9285,-0.3055,-66.51,-39.02,25.11,0.9940,81.09,0
1028651,0.1859,-0.9335,-0.3292,-62.91,-36.57,25.52,1.0072,77.11,0
1028661,0.1732,-0.9432,-0.3550,-62.02,-38.93,28.04,1.0226,78.41,0
1028671,0.1545,-0.9213,-0.3892,-66.78,-48.47,30.57,1.0120,88.00,0
1028681,0.1267,-0.9046,-0.4039,-73.51,-60.09,31.10,0.9987,99.90,0
1028691,0.1143,-0.8891,-0.4169,-78.47,-68.42,30.24,0.9886,108.41,0
1028701,0.1011,-0.8824,-0.4287,-81.59,-75.88,28.38,0.9863,114.98,0
1028711,0.1042,-0.9189,-0.4208,-83.39,-81.24,27.27,1.0160,119.57,0
1028721,0.0959,-0.8974,-0.4308,-69.46,-80.82,28.18,1.0001,110.23,0
1028731,0.1032,-0.8830,-0.4687,-67.63,-81.88,29.61,1.0050,110.25,0
